|Date received|Product|Sub-product|Issue|Sub-issue|Consumer complaint narrative|Company public response|Company|State|ZIP code|Tags|Consumer consent provided?|Submitted via|Date sent to company|Company response to consumer|Timely response?|Consumer disputed?|Complaint ID
0|01/20/25|Credit reporting or other personal consumer reports|Credit reporting|Incorrect information on your report|Information belongs to someone else|I am writing to have the following information removed from my credit file, the items that I need deleted are going to be attached in a word document. I am a victim of identity theft. I have multiple accounts and inquiries that I DID NOT apply for listed on my credit report. I ask that these items be deleted so my credit report will only show accurate information. I reported the theft of my identity to the Federal Trade Commission and have enclosed copies of the report. I would like these items deleted from my credit report as soon as possible. Please block this information from my credit report, pursuant to section 605B of the Fair Credit Reporting Act.|Company has responded to the consumer and the CFPB and chooses not to provide a public response|TRANSUNION INTERMEDIATE HOLDINGS, INC.|CA|92345||Consent provided|Web|01/20/25|Closed with non-monetary relief|Yes||11588109
1|07/03/24|Credit reporting or other personal consumer reports|Credit reporting|Improper use of your report|Reporting company used your report improperly|"I am a victim of identity theft. Please delete or remove these items on my behalf. 
These items are not mine and this is greatly affecting me and my personal life. I request that you block the following information and please let me know if you need any other information from me to block this information from my credit report. Thank you. 



XXXX XXXX Account Number : XXXX"|Company has responded to the consumer and the CFPB and chooses not to provide a public response|Experian Information Solutions Inc.|FL|32824||Consent provided|Web|07/03/24|Closed with non-monetary relief|Yes||9416677
2|09/14/25|Vehicle loan or lease|Loan|Incorrect information on your report|Information belongs to someone else|My name is XXXX XXXX, and I am formally disputing a fraudulent auto loan that Santander XXXX  USA allowed to be opened in my name without my authorization. I did not apply for, sign, or consent to any loan through your institution, and I believe this incident is linked to identity theft following the XXXX XXXX  data breach. Under the Fair Credit Reporting Act ( 15 U.S.C. 1681c-2 ), I have the right to block fraudulent information from my credit reports, and under the Identity Theft and Assumption Deterrence Act ( 18 U.S.C. 1028 ), knowingly maintaining a fraudulent account is a federal offense. If Santander does not immediately investigate, close the account, and remove all related information from my credit file, I will pursue legal action, including complaints with the FTC, CFPB, and a civil lawsuit to recover damages.||SANTANDER HOLDINGS USA, INC.|PA|19143||Consent provided|Web|09/14/25|Closed with explanation|Yes||15930829
3|05/01/25|Credit reporting or other personal consumer reports|Credit reporting|Incorrect information on your report|Information belongs to someone else|Upon reviewing my credit report, I have identified inaccurate accounts that need reporting and correction through your company.|Company has responded to the consumer and the CFPB and chooses not to provide a public response|TRANSUNION INTERMEDIATE HOLDINGS, INC.|TX|76105||Consent provided|Web|05/01/25|Closed with non-monetary relief|Yes||13274568
4|12/08/25|Credit reporting or other personal consumer reports|Credit reporting|Incorrect information on your report|Account information incorrect|Everything is explained in my resolution package ive already tried to resolve these accounts I got nowhere.|Company believes it acted appropriately as authorized by contract or law|Kubota North America Corporation|MS|391XX||Consent provided|Web|12/08/25|Closed with explanation|Yes||17837761
5|03/06/24|Credit reporting or other personal consumer reports|Credit reporting|Problem with a company's investigation into an existing problem|Investigation took more than 30 days|I have already sent a letter addressing the inaccuracies and unknown items on my credit report, but unfortunately, I have not received any response even after 30 days. It feels like I'm being taken advantage of and my disputes are being ignored. According to Section 611 ( a ), if these items are not investigated within 30 days, they should be promptly removed from my credit report. Since it has been over 30 days, I expect these accounts to be updated immediately. If not, I will have no choice but to pursue legal action due to the stress this situation has caused me. Additionally, my information was also affected by the Equifax, XXXX, and XXXX data breach, which raises concerns about the security of my personal data.||EQUIFAX, INC.|CA|90806||Consent provided|Web|03/06/24|Closed with non-monetary relief|Yes||8488899
6|05/08/25|Credit reporting or other personal consumer reports|Credit reporting|Problem with a company's investigation into an existing problem|Was not notified of investigation status or results|"I reviewed my credit report and noticed several inaccuracies. I sent a letter to EQUIFAX in XXXX to dispute these items. However, it has been more than XXXX  days, and I have not received a response from the credit bureau. This delay is a violation of XXXX U.S.C. XXXX ( a ) ( XXXX ) ( A ), which requires a response within XXXX days. 

Under XXXX U.S.C. XXXX ( a ) ( XXXX ) ( A ), if a consumer disputes the accuracy or completeness of any information in their file, the credit reporting agency must, at no cost, conduct a reasonable investigation, verify the disputed information, and update the file or remove inaccurate items within XXXX  days of receiving the notice of dispute."||EQUIFAX, INC.|MA|02132||Consent provided|Web|05/08/25|Closed with non-monetary relief|Yes||13407502
7|01/20/23|Credit card or prepaid card|General-purpose credit card or charge card|Problem with a purchase shown on your statement|Card was charged for something you did not purchase with the card|On XX/XX/XXXX, somehow my Cashapp account was compromised. Information was changed and different banking information was uploaded to my account. Not sure how, since my personal information is necessary to update anything. I informed Cashapp of two fraudelent transactions, one of XXXX, and one of XXXX, made from a NJ location, I live in GA. After some investigation, Cashapp did refund the funds from one of the fraudelent transactions, but denied the other, larger amount. These transactions were both reported as fraud, both done at the same time, and by the same source located in NJ, as per the information on Casapp, so why would only one transaction be returned, and not the other? My XXXX account was also compromised, with fraudelent charges made using my Cashapp card information, and once informed, and after XXXX investigated, and noticed suspicious activity, XXXX refunded the funds. I have had my Cashapp account for years, and have not encountered any issues like this before. I would have expected some integrity in the handling of this matter. I do not believe I am getting that from Cashapp. I have since removed Cashapp. I currently keep the app for updates on my dispute, and once refunded, to cash out the funds, and completely close it out. I would not be using the app anymore once this matter is resolved.||Block, Inc.|GA|30238||Consent provided|Web|01/20/23|Closed with explanation|Yes||6456349
8|12/02/25|Checking or savings account|Other banking product or service|Problem with a lender or other company charging your account|Transaction was not authorized|"I am filing this second CFPB complaint because Relay Financial and their partner bank have failed to follow required Regulation E timelines and have not provided any clear updates regarding my unauthorized transaction dispute. 

My dispute involves multiple duplicate unauthorized charges from XXXX XXXX XXXX XXXX totaling {$1400.00}. I originally raised this dispute in mid-summer ( between XXXX ). Despite providing all requested documentation, including fax confirmations showing successful delivery, Relay continues to delay the investigation. 

Relay has repeatedly told me the dispute was escalated to the banking partner and XXXX, but I have received no timeline, no decision, and no confirmation from XXXX. Under Regulation E and XXXX Operating Rules, a provisional credit eligibility review must occur within XXXX business days, but it has now been several months. 

I also notified Relay that I am experiencing financial hardship, meaning this should be handled with priority. Despite this, Relay has not communicated any concrete status, and support agents repeatedly tell me they can not access the dispute system. I have asked for escalation to compliance multiple times with no clear response. 

The lack of updates, the prolonged delay, and the failure to follow Regulation E timelines have caused significant financial harm. I am requesting CFPB assistance to compel Relay and their partner bank to : XXXX. Provide the exact date the dispute was submitted to XXXX XXXX. Provide the current status of the XXXX investigation XXXX. Explain why the XXXX provisional credit requirement was not followed XXXX. Acknowledge my financial hardship status XXXX. Provide a timeline for resolution XXXX. Ensure compliance oversight moving forward I am requesting immediate CFPB intervention."||Relay Financial (US), Corp.|FL|33617||Consent provided|Web|12/02/25|Closed with explanation|Yes||18085605
9|11/25/23|Credit reporting or other personal consumer reports|Credit reporting|Improper use of your report|Credit inquiries on your report that you don't recognize|wallet was stolen that had my id and ssn card along with bank cards. my life was altered when they began to use what they could. THERES ALOT OF INQUIRES I DIDNT GIVE PERMISSION TO DO.|Company has responded to the consumer and the CFPB and chooses not to provide a public response|TRANSUNION INTERMEDIATE HOLDINGS, INC.|CA|90047||Consent provided|Web|11/25/23|Closed with non-monetary relief|Yes||7902247
10|09/07/24|Credit reporting or other personal consumer reports|Credit reporting|Incorrect information on your report|Information belongs to someone else|"Equifax Information Services LLC XXXX XXXX XXXX XXXX, GA XXXX Dear Sir or Madam : Subject : Dispute of Negative Credit Information Resulting from Equifax Data Breach I am writing to dispute inaccurate and negative information that has been reported on my credit report as a result of the data breach that Equifax suffered. As you are aware, the breach exposed sensitive personal information, including names, Social Security numbers, birth dates, addresses, and in some cases, driver 's license numbers. As a result of this breach, I believe that fraudulent activity may have affected my credit report and resulted in inaccurate reporting. 

Under the Fair Credit Reporting Act ( FCRA ), I am entitled to dispute any information that I believe to be incorrect or the result of identity theft. According to Section 611 of the FCRA ( 15 U.S.C. 1681i ), credit reporting agencies are required to investigate disputes, and if any information is found to be inaccurate or unverifiable, it must be promptly corrected or removed from the credit report. 

Specifically, I am disputing the following items on my credit report : XXXX XXXX - Account number : XXXX XXXX XXXX  - Account Number : XXXX XXXXXXXX XXXX XXXX - Account Number : XXXX XXXX - Account Number : XXXX XXXX - Account Number : XXXX I am requesting that these items be investigated and corrected or removed from my credit report. I believe they are the result of fraudulent activity and should not reflect negatively on my credit history. 

Please investigate this matter and provide a response within the 30-day period required under the FCRA. I also request that Equifax send me a copy of the corrected report once the investigation is complete, and that any corrections be communicated to other credit reporting agencies. 

In the meantime, I ask that a note be added to my file stating that this information is disputed and under investigation in compliance with Section 611 of the FCRA. 

Attached are copies of my identification, proof of address, and any supporting documentation related to this dispute. I appreciate your prompt attention to this matter and look forward to your timely resolution. 

Sincerely, XXXX XXXX"||EQUIFAX, INC.|CA|91101||Consent provided|Web|09/07/24|Closed with non-monetary relief|Yes||10034960
11|01/10/24|Credit card|General-purpose credit card or charge card|Getting a credit card|Card opened without my consent or knowledge|American Expressed approved a card without my knowledge and because I dont possess the fraudulent information used to open account.access denied. None of the personal identifiable information matched and Amex wont take a fraud report. I first noticed the fraud in XX/XX/, when I started to get collection bills and a letter changing my address. I have since reached out to Amex and local police department without getting any help. Local law ( XXXX XXXX ) enforcement agency states its a civil matter.||AMERICAN EXPRESS COMPANY|FL|32221|Servicemember|Consent provided|Web|01/10/24|Closed with non-monetary relief|Yes||8142607
12|04/02/24|Debt collection|I do not know|Attempts to collect debt not owed|Debt is not yours|"This serves as an effort to rectify inaccurate information present in my credit report as published by your company. Following a credit denial attributed to the dissemination of inaccurate details, I wish to formally communicate that I did not provide authorization or instructions for the inclusion of these specific transactions in my consumer report. 
I am formally requesting the blocking and deletion of these accounts. 
It is crucial to emphasize that this request is not erroneous and is not grounded in any material misrepresentation concerning the necessity to block these transactions. The following are the accounts that I wish to remove from my credit report :"|Company has responded to the consumer and the CFPB and chooses not to provide a public response|TRANSUNION INTERMEDIATE HOLDINGS, INC.|CA|90815||Consent provided|Web|04/02/24|Closed with non-monetary relief|Yes||8682486
13|05/03/24|Debt collection|Auto debt|Took or threatened to take negative or legal action|Sued you in a state where you do not live or did not sign for the debt|On XX/XX/year>, I requested verification from SAC Finance on a collection/charge-off through a letter. I also have provided my current information in this same letter date to the credit bureaus. I am aware that as per 15 U.S.C. Sec. 1681i ( a ), you must complete this reinvestigation within 30 days of receiving this letter. They did not respond to my request for validation. Instead, on XX/XX/year>, they filed a lawsuit against my behalf ( up to {$15000.00} ), when the debt that I am asking for verification is less than {$15000.00}. They filed a lawsuit against my behalf in a jurisdiction where I no longer reside. I have not lived in that jurisdiction for almost a year and have provided current address/information to credit bureaus on XX/XX/year>. Not only that, their business is not a registered business in the XXXXXXXX XXXX XXXX. Doing this, is a violation of the Federal Trade Commission XXXX as it is an unfair, deceptive, and abusive practice of a debt collector/ creditor. Not only that, instead of my taking my response as serious, XXXX and XXXX just gave me a generic letter refusing to investigate my concerns on my credit report. XXXX provided me with this frivolous letter on XX/XX/year>. XXXX provided me with their frivolous letter on XX/XX/year>. XXXX has not responded at this current date.|Company believes it acted appropriately as authorized by contract or law|Superior Holdings, LLC|IN|47906||Consent provided|Web|05/06/24|Closed with explanation|Yes||8911968
14|10/22/25|Credit reporting or other personal consumer reports|Credit reporting|Problem with a company's investigation into an existing problem|Their investigation did not fix an error on your report|"Subject : * * Formal Complaint Against TransUnion for Violations of the Fair Credit Reporting Act ( 15 U.S.C. 1681 et seq. ) To Whom It May Concern : I am writing to file a formal complaint against * * TransUnion, LLC * * for its ongoing * * failure to remove inaccurate, unverifiable, and fraudulent information * * from my consumer credit file, in direct violation of the * * Fair Credit Reporting Act ( FCRA ), 15 U.S.C. 1681 et seq. * * Despite multiple disputes and formal written notices, TransUnion has continued to publish * * erroneous accounts and collection items * * that contradict both * * XXXX  * * and * * XXXX  * * reports and for which no valid proof of indebtedness has ever been provided.

Background and Identity Theft Over the past ten years, I have been * * incarcerated * *, during which time I had * * no capacity to open, manage, or authorize any credit accounts. * * During that period, my personal identifying information was compromised and used in * * identity theft * * cases, possibly linked to * * data breaches * *. 

Since my release, I have repeatedly contacted TransUnion to dispute these fraudulent entries. However, its investigations have failed to yield any documentary proof or legitimate verification.

Accounts and Collections Reported by TransUnion Below are the * * current accounts and collections * * TransUnion continues to report inaccurately, with comparison to * * XXXX  * * and * * XXXX  * * records : * * XXXX XXXX XXXX/ XXXX XXXX ( XXXX ... ) * * | Account 120 Days Past Due ; Closed XX/XX/XXXX | XXXX  : Open, {$73.00} past due ; XXXX  : Closed, Paid | Conflicting status and payment history. 
| * * XXXX XXXX XXXX/ XXXX XXXX ( XXXX ... ) * * | Paid, Closed ; was Paid as Agreed | XXXX  : Paid, Closed ; XXXX : No delinquency | Consistent closure, but TransUnion incorrectly shows past delinquency months. 

* * XXXX XXXX * * | Paid, Closed ; was 120 Days Past Due | XXXX  : Settled for less than full balance ; XXXX  : Paid as agreed | Severity of delinquency and resolution differ across bureaus. 

* * XXXX XXXX XXXX  * * | Charge-off {$460.00} ; Limit {$300.00} | XXXX  & XXXX  XXXX XXXX off but dated XXXX | Date of charge-off inconsistent by 812 months. 

* * XXXX XXXX XXXX XXXX XXXX * * | Collection {$890.00} ; Dispute resolvedconsumer disagrees | XXXX  : Consumer disputes after resolution ; XXXX  : not listed | TransUnion and XXXX  both list but differ in dispute notation and report date. 

* * XXXX & XXXX ( XXXX XXXX ) * * | Collection {$180.00} ; reported XX/XX/XXXX | XXXX  & XXXX  : similar amount but reported as closed collection | TU lists as open, indicating continued delinquency post-closure. | | * * XXXX XXXX XXXX XXXX XXXX * * | Collection {$9800.00} ; opened XX/XX/XXXX | Absent from both XXXX  and XXXX  | No record exists elsewherelikely fraudulent or unverifiable. 

* * XXXX XXXX XXXX * * | Charge-off {$9800.00} ; reported XX/XX/XXXX | XXXX  : same account reported as charge-off XX/XX/XXXX ; XXXX  : deleted | TransUnions earlier reported date and active collection contradict XXXX  charge-off date. 

* * XXXX XXXX XXXX XXXX * * | Closed ; 60-day delinquency in XX/XX/XXXX | Equifax : XXXX ; XXXX  : Paid as agreed | False delinquency entry appears only on TransUnion. 

Legal Grounds for Deletion 1. * * Failure to Reinvestigate 15 U.S.C. 1681i ( a ) * * TransUnion is required to conduct a * * reasonable reinvestigation * * within 30 days of receiving a dispute. To date, TransUnion has failed to provide documentation, validation, or certified verification of the alleged debts. 

2. * * Reporting Incomplete or Inaccurate Information 15 U.S.C. 1681e ( b ) * * TransUnions reporting of contradictory, inconsistent, and unverifiable information demonstrates * * negligent or willful noncompliance * * with accuracy requirements.

3. * * Failure to Block Identity Theft Information 15 U.S.C. 1681c-3 * * After being notified of identity theft and provided supporting documentation, TransUnion is legally required to * * block and remove all fraudulent information * *. Continued reporting constitutes ongoing harm and noncompliance.

4. * * Estoppel by Silence Engelhardt v. Gravens, 281 S.W. 715, 719 ( Mo. 1926 ) * * Neither TransUnion nor furnishers such as * * XXXX XXXX XXXX XXXX XXXX * * have provided * * any signed agreement, contract, or itemized statement * *. Under this doctrine, their continued silence establishes a * * presumption that no valid debt exists * *. 
5. * * Failure to Cease Communication 15 U.S.C. 1692c * * I hereby * * revoke all consent * * for TransUnion or any of its furnishers to contact, report, or communicate further regarding the disputed accounts.

Requested Action I respectfully request that the * * Consumer Financial Protection Bureau ( CFPB ) * * enforce TransUnions compliance with federal consumer protection law and require the following : 1. * * Immediate deletion * * of all unverifiable, inconsistent, and fraudulent accounts listed above.

2. * * Written confirmation * * from TransUnion that each deleted account has been permanently removed. 
3. * * Full compliance * * with the reinvestigation and verification provisions of 1681i.

Conclusion TransUnions actions constitute a * * willful violation * * of the Fair Credit Reporting Act. Its repeated refusal to delete unverifiable items has caused ongoing credit denials, emotional distress, and financial harm. I request the CFPB to * * investigate XXXX systemic failure * * to comply with federal law and compel corrective action. 

Respectfully, XXXX XXXX"|Company has responded to the consumer and the CFPB and chooses not to provide a public response|TRANSUNION INTERMEDIATE HOLDINGS, INC.|FL|32025||Consent provided|Web|10/22/25|Closed with non-monetary relief|Yes||16751990
15|06/09/25|Vehicle loan or lease|Loan|Incorrect information on your report|Account status incorrect|"I am reaching out with a sincere and respectful request regarding the way my recently paid auto loan is being reported to the credit bureaus. 

The account in question was opened on XX/XX/XXXX, and closed on XX/XX/XXXX, with an original loan amount of {$71000.00}. I am proud to say that this loan was paid in full, exactly as agreed, with no missed or late payments. However, Ive noticed that the reporting to XXXX XXXX, and XXXX  does not consistently or clearly reflect this positive payment history. 

Specifically : The account appears as /closed, but it does not specify Paid in Full as Agreed or Never Late.

The inconsistent information across the three major bureaus results in an inaccurate portrayal of my creditworthiness, despite my full compliance with the loan terms. 

As you may know, under the Fair Credit Reporting Act ( FCRA ) including but not limited to 15 U.S.C. 1681e ( b ) ( requiring maximum possible accuracy ), and 15 U.S.C. 1681s-2 ( b ) ( requiring furnishers to correct and update information ) consumers are entitled to have their credit histories reported fairly and accurately. Additionally, per 15 U.S.C. 1681i, I have the right to request a reinvestigation of any incomplete or incorrect data.

I have attempted to resolve this through the standard customer service channels without success, which is why I now kindly request your help at the leadership level."||BMW Financial Services NA, LLC|TX|770XX||Consent provided|Web|06/09/25|Closed with explanation|Yes||13979823
16|04/17/25|Credit reporting or other personal consumer reports|Credit reporting|Incorrect information on your report|Information belongs to someone else|Greetings, I appreciate your attention to this matter. My name is XXXX XXXX. I have been notified that I am a victim of the Equifax data breach, which has resulted in the theft of my identity. I am requesting the enforcement of my consumer rights as specified in FCRA SECTION 605B ( 15 U.S.C. 1681c-2 ). Please remove all fraudulent information from my credit report promptly.|Company has responded to the consumer and the CFPB and chooses not to provide a public response|TRANSUNION INTERMEDIATE HOLDINGS, INC.|GA|310XX||Consent provided|Web|04/17/25|Closed with non-monetary relief|Yes||13036395
17|01/07/25|Credit reporting or other personal consumer reports|Credit reporting|Incorrect information on your report|Information belongs to someone else|My name is XXXX XXXX XXXX and this is not a third party filing this complaint. I would like to bring to your attention that my information was used while I was XXXX. I see accounts on my report that I did not authorize at all. Please see attached documentation.|Company has responded to the consumer and the CFPB and chooses not to provide a public response|TRANSUNION INTERMEDIATE HOLDINGS, INC.|DE|199XX||Consent provided|Web|01/07/25|Closed with non-monetary relief|Yes||11422722
18|10/12/23|Credit reporting or other personal consumer reports|Credit reporting|Improper use of your report|Reporting company used your report improperly|REMOVAL OF THE FRAUD ALERTS and SECURITY FREEZE on my personal credit file and to update my identification.||EQUIFAX, INC.|GA|317XX||Consent provided|Web|10/12/23|Closed with non-monetary relief|Yes||7688685
19|12/11/22|Credit card or prepaid card|General-purpose credit card or charge card|Fees or interest|Charged too much interest|I reached out to Capital One about an almost 30 % apr on a credit card for several reasons. One ; that was not the promotional and or advertised rate for the card. Two ; the rate was almost double the national average. Three ; my XXXX XXXX and XXXX XXXX combined did not equal the Capital One credit card. They refused to review the apr and instead told me to make 3 or more payments each month.||CAPITAL ONE FINANCIAL CORPORATION|NY|11233||Consent provided|Web|12/11/22|Closed with explanation|Yes||6305940
20|06/22/23|Credit reporting, credit repair services, or other personal consumer reports|Credit reporting|Improper use of your report|Credit inquiries on your report that you don't recognize|"I have submitted a claim to the three credit bureaus to validate or delete these following accounts but they responded back with them being verified and accurate when they in fact, are not. My credit report is inconsistent and inaccurate and the following account must be deleted. 

XXXX XXXX XXXXXXXX XXXX XXXX XXXX XXXX ( Duplicate ) XXXX XXXX XXXX XXXX XXXX ( Duplicate ) XXXX XXXX In accordance with the Fair Credit Reporting Act Convergent these Creditors have violated my rights. 15 U.S Code 1681 Section 602 A. States I have the right to privacy.15 U.S Code 1681 Section 604 A Section 2 : It also states a consumer reporting agency can not furnish an account without my written instructions."|Company has responded to the consumer and the CFPB and chooses not to provide a public response|Experian Information Solutions Inc.|PR|XXXXX||Consent provided|Web|06/22/23|Closed with explanation|Yes||7154788
21|03/04/22|Credit reporting, credit repair services, or other personal consumer reports|Credit reporting|Incorrect information on your report|Information belongs to someone else|"I have a case of identity theft. I have had this since XXXX. This person ( female ) uses a XXXX  ID, XXXX ID and has a copy of my social security card. This person has taken out many loans, credit cards and purchased cars under my name. This person has taken mail out my box and cashed checks mailed to me. I have a claim with USPS. And IRS sent another check. Its all on my credit report. 

Since XXXX I have been unable to work in a full time status and now I cant work. So, the fraudster is stating a large income to succeed at obtaining these loans and material objects. And its affecting my need for social services o need to live.

My banking was hacked 3 times in 6 months in XXXX. I had to cancel all account and use debit cards I manually turn on/off when using. 

I get countless calls about these fraudulent accounts. I want it to stop. The harassment is causing XXXX XXXXXXXX and more XXXX."||LEXISNEXIS|IL|604XX|Servicemember|Consent provided|Web|03/21/22|Closed with explanation|Yes||5288406
22|12/01/25|Credit reporting or other personal consumer reports|Credit reporting|Problem with a company's investigation into an existing problem|Investigation took more than 30 days|"I previously submitted a letter addressing the inaccuracies and unfamiliar items on my credit report. However, it has now been over 30 days, and I have not received a response. It appears my disputes are being disregarded, which raises serious concerns. Under Section 611 ( a ) of the Fair Credit Reporting Act ( FCRA ), credit reporting agencies are required to investigate disputed items within 30 days. If they fail to do so, these items must be removed from my report.

As more than 30 days have passed, I expect immediate updates to my credit report reflecting the removal of these disputed accounts. Should this not be addressed promptly, I will be left with no option but to pursue legal action to resolve this issue, as the continued inaction has caused significant stress. 

Moreover, I was affected by the Equifax, Experian, and TransUnion data breaches, which heightens my concern regarding the security and handling of my personal information."||EQUIFAX, INC.|AR|71603||Consent provided|Web|12/01/25|Closed with non-monetary relief|Yes||17622314
23|03/07/25|Credit reporting or other personal consumer reports|Credit reporting|Problem with a company's investigation into an existing problem|Their investigation did not fix an error on your report|I am filing a complaint against Equifax for the improper investigation of false information affecting my credit report|Company has responded to the consumer and the CFPB and chooses not to provide a public response|TRANSUNION INTERMEDIATE HOLDINGS, INC.|CA|95757||Consent provided|Web|03/07/25|Closed with explanation|Yes||12344335
24|05/09/25|Credit reporting or other personal consumer reports|Credit reporting|Improper use of your report|Reporting company used your report improperly|"Hello, this is in regards to. XXXX reinstatement letters Defined by IRS as unlawful Charge off accounts can not be placed on a consumers reports I contacted the Attorney General office in your state. And I found the complaint I will be receiving an advocate to help fight for me with you guys. You will be receiving a complaint from the XXXX CFPB and now the Attorney Generals. Looking forward to going to court. 

I will be including evidence of the validation letter that you guys failed to respond to on XX/XX/year> The reinstatement letters. That you guys are sending three at a time every day to the credit agencies. Equifax, XXXX XXXX XXXX  I am wondering if you guys are attaching. The resolution results?. The investigation that XXXX made Im only asking for competent evidence. Bearing the results thats connecting me to this obligation. I will be copying this and attaching this as evidence to the Attorney Generals portal. 

I would simply like to know the breakdown how you guys got to that amount is that including insurance? Do you guys have the original documentation with my signature? This is a fraud account. 

15 U.S.C 1681 Section 604 A Section 2 : It also states a consumer reporting agency can not furnish a account without my written instructions 15 U.S.C 1692 Section 805 A States a debt collector may not communicate with a consumer in connection with the collection of any debt at any unusual time or place or a time or place known or which should be known to be inconvenient to the consumer.

In accordance with the Fair Credit Reporting Act 15 U.S.C 1681 & Fair Debt Collection Practices Act 15 U.S.C 1692 XXXX  Account # XXXX, has violated my rights. 
15 U.S.C 1681 section 602 A. States I have the right to privacy.

15 U.S.C 1681 Section 604 A Section 2 : It also states a consumer reporting agency can not furnish an account without my written instructions. Y"||EQUIFAX, INC.|CA|94588|Servicemember|Consent provided|Web|05/09/25|Closed with non-monetary relief|Yes||13405852
25|12/28/24|Credit reporting or other personal consumer reports|Credit reporting|Problem with a company's investigation into an existing problem|Their investigation did not fix an error on your report|"XX/XX/XXXX Subject : Formal Complaint Regarding Inaccurate Late Payment Reporting on Account XXXX XXXX  Dear CFPB, I am filing a formal complaint against both XXXX and TransUnion for failing to correct inaccurate information regarding late payments reported on my credit report for the account XXXX XXXX. Despite multiple requests for correction through letters dated XX/XX/XXXX and XX/XX/XXXX, my requests have been ignored. Since my last dispute, nothing has changed. This ongoing inaction constitutes clear violations of the Fair Credit Reporting Act ( FCRA ) and the Truth in Lending Act ( TILA ). 
Errors and Discrepancies : Last Verified Date : This information is only reported by TransUnion ( XX/XX/XXXX ), while XXXX has failed to provide any verification date. The absence of this information from XXXX report indicates a lack of thorough investigation and resolution as required by federal law. 
Closed Date : TransUnion reports a closed date of XX/XX/XXXX, but XXXX does not include this information. This inconsistency creates confusion and misrepresents the account 's actual status.

Account Status : Both bureaus incorrectly report the account as "" Closed, '' which contradicts the accounts true and accurate status. This error significantly impacts my creditworthiness and raises questions about the integrity of the reporting process.

Consequences of Reporting Errors : These inaccuracies have caused undue harm to my financial reputation and credit score. The erroneous reporting has led to : Difficulty in obtaining new lines of credit or financial products due to lowered creditworthiness.

Increased interest rates on existing accounts. 
Emotional distress and financial uncertainty caused by the repeated need to dispute these errors. 
Violations : Fair Credit Reporting Act ( FCRA ) : 15 U.S. Code 1681i : This section mandates that credit reporting agencies ensure the accuracy of information in consumer files. Both XXXX and TransUnion have failed to uphold this obligation, allowing errors to persist despite clear evidence. 
15 U.S. Code 1681e ( b ) : Credit reporting agencies are required to follow reasonable procedures to assure maximum possible accuracy of the information concerning the individual about whom the report relates. This has not been adhered to in my case.

Truth in Lending Act ( TILA ) : 15 U.S. Code 1666b : Creditors are required to send periodic statements at least 21 days before the payment due date. The inaccuracies in the late payment reporting indicate a lack of compliance with this requirement. 
Protection Against Non-Payment of Obligations Act ( PAANL ) : The Protection Against Non-Payment of Obligations Act reinforces the responsibility of creditors to provide timely statements to consumers, preventing unfair penalties. The failure to correct these errors has caused significant harm to my creditworthiness and financial standing. 
Desired Resolution : Immediate removal of all inaccurate late payment notations and discrepancies for the XXXX XXXX account from both XXXX and TransUnion credit reports. 
Comprehensive review and correction of all account details to ensure accuracy across all credit bureaus. 
Written confirmation of these corrections from XXXX and TransUnion. 
Assurance that enhanced measures will be implemented to prevent similar errors in the future.

Failure to address and resolve this issue promptly will result in further escalation, including filing complaints with the Consumer Financial Protection Bureau ( CFPB ), contacting state attorneys general, and seeking legal action if necessary. 
Thank you for your prompt attention to this matter. I expect a detailed response and resolution within 30 days of receipt of this letter. 
Sincerely, XXXX XXXX XXXX"|Company has responded to the consumer and the CFPB and chooses not to provide a public response|TRANSUNION INTERMEDIATE HOLDINGS, INC.|TX|77061||Consent provided|Web|12/28/24|Closed with non-monetary relief|Yes||11292885
26|08/27/24|Credit reporting or other personal consumer reports|Credit reporting|Problem with a company's investigation into an existing problem|Investigation took more than 30 days|I am writing to formally dispute the inaccurate information on my credit report due to my recent victimization by XXXX XXXX. I have identified several accounts and/or pieces of information on my credit report that are incorrect and were not authorized by me.||EQUIFAX, INC.|AR|XXXXX||Consent provided|Web|08/27/24|Closed with explanation|Yes||9952018
27|10/10/24|Credit reporting or other personal consumer reports|Credit reporting|Incorrect information on your report|Personal information incorrect|"Upon reviewing my credit report I have identified certain information that is reporting incorrectly. Please make sure that the only information that is reporting in my credit report is the one mentioned stated below : My full name is : XXXX XXXX XXXX My correct date of birth : XX/XX/scrub>XXXX  My correct Social Security number:XXXX My correct address isXXXX XXXX XXXX XXXX # XXXX XXXX, Michigan XXXX My employer is : XXXXXXXX XXXX Please correct this typographical information immediately as it portrays me as a person engaging in fraudulent behavior. Also please delete all telephone numbers that appear in my credit report, as I have been a victim of robo-calls. 
Please not that I have opted out in writing to your forced arbitration terms and am willing to seek legal relief. 
Under Section 611 of the FCRA ( Fair Credit Reporting Act ), I expect you to delete these negative accounts and provide me with an updated report within 30 days."|Company has responded to the consumer and the CFPB and chooses not to provide a public response|TRANSUNION INTERMEDIATE HOLDINGS, INC.|MI|48911||Consent provided|Web|10/10/24|Closed with non-monetary relief|Yes||10411015
28|10/30/25|Credit reporting or other personal consumer reports|Credit reporting|Incorrect information on your report|Old information reappears or never goes away|"Equifax has willfully and negligently violated multiple provisions of the Fair Credit Reporting Act ( FCRA ), including but not limited to 1681i ( a ) ( 1 ) ( failure to reinvestigate disputed information within the statutory 30-day period ), 1681c-2 ( failure to block information resulting from identity theft ), and 1681e ( b ) ( failure to maintain reasonable procedures to assure maximum possible accuracy ). 

I am a verified victim of identity theft, as evidenced by the official FTC Identity Theft Report ( FTC Report No. XXXX ). The fraudulent XXXX XXXX XXXXXXXX ( XXXX XXXX ) account ( No. XXXXXXXX XXXX XXXX XXXX XXXX XXXX was opened without my authorization and was previously removed from my credit report after investigation. Despite its verified fraudulent status and confirmed removal, this same account reappeared on my Equifax credit report, reported once again as Charge-off / Derogatory. 

Equifax has demonstrated a gross disregard for the law by reintroducing deleted fraudulent data. This constitutes republication of inaccurate and disputed information a direct breach of FCRA 1681s-2 ( b ) and CDIA guidelines governing accuracy and reinvestigation procedures. 

Furthermore, Equifax has failed to provide a substantive response to my CFPB complaint ( filed XX/XX/year> ). As of this date, the CFPB portal still indicates Company response in progress, well past the 30-day statutory deadline. This failure to respond represents a flagrant violation of CFPB complaint handling procedures and reinforces the pattern of negligence and non-compliance. 

This repeated misconduct has caused me measurable harm, including emotional distress, reputational damage, and denial of credit opportunities. Equifaxs continued inaction is indefensible and demonstrates contempt for federal consumer protection standards."||EQUIFAX, INC.|FL|33180||Consent provided|Web|10/30/25|Closed with non-monetary relief|Yes||16915719
29|07/25/25|Credit reporting or other personal consumer reports|Credit reporting|Incorrect information on your report|Information belongs to someone else|"This is a follow-up to my previous written dispute regarding fraudulent accounts and inquiries appearing on my consumer report. Per FCRA 605B ( 15 U.S.C. 1681c-2 ), you are required to block all information resulting from identity theft within XXXX business days of receipt. 
The following accounts and inquiries do NOT belong to me and were obtained fraudulently without my consent : XXXX XXXX XXXX XXXX XXXX XXXX XXXX XXXX XXXX XXXX XXXX XXXX XXXX XXXX XXXX XXXX XXXX XXXX XXXX XXXX XXXX XXXX XXXX XXXX XXXX XXXX XXXX XXXX XXXX XXXX XXXX XXXX XXXX XXXX XXXX XXXX XXXX XXXX XXXX XXXX XXXX XXXX XXXX XXXX XXXX XXXX XXXX XXXX XXXX XXXX XXXX XXXX XXXX XXXX XXXX XXXX XXXX XXXX XXXX XXXX XXXX XXXX XXXX XXXX XXXX XXXX XXXX XXXX XXXX XXXX XXXX XXXX XXXX XXXX XXXX XXXX XXXX XXXX XXXX XXXX XXXX XXXX XXXX XXXX XXXX XXXX XXXX XXXX XXXX XXXX XXXX XXXX XXXX XXXX XXXX XXXX XXXX XXXX XXXX XXXX XXXX XXXX XXXX XXXX XXXX XXXX XXXX XXXX XXXX XXXX"|Company has responded to the consumer and the CFPB and chooses not to provide a public response|Experian Information Solutions Inc.|TX|75056||Consent provided|Web|07/25/25|Closed with explanation|Yes||14877081
30|02/21/24|Credit reporting or other personal consumer reports|Credit reporting|Problem with a company's investigation into an existing problem|Was not notified of investigation status or results|I am writing to formally dispute a late payment entry that has appeared on my credit report. The report indicates a late payment in my credit report, which I strongly believe is erroneous and not verified. Throughout my financial history with the financial agencies I am doing business with, I have consistently met all payment deadlines without fail. Therefore, the presence of this late payment is undoubtedly a result of a billing error on the part of the creditor. I request a thorough investigation into this matter to verify the accuracy of the reported late payment and urge for its prompt correction. It is imperative that such inaccuracies are rectified swiftly, as they impact my financial standing and credibility. I have contacted the financial agencies in the last more than 30 days to seek clarification but I got no response because this is erroneously reported for they have provided NO PROOF that there was a REAL late payment. Your immediate attention to this matter is greatly appreciated.||EQUIFAX, INC.|FL|34232||Consent provided|Web|02/21/24|Closed with non-monetary relief|Yes||8393039
31|10/30/24|Credit reporting or other personal consumer reports|Credit reporting|Incorrect information on your report|Information belongs to someone else|I recently reviewed my consumer report and identified several inaccuracies that must be corrected immediately. These errors have caused me significant distress, and I demand swift resolution to ensure my consumer rights under the Fair Credit Reporting Act ( FCRA ) are upheld.||EQUIFAX, INC.|LA|70808||Consent provided|Web|10/30/24|Closed with non-monetary relief|Yes||10625435
32|07/08/25|Credit reporting or other personal consumer reports|Credit reporting|Problem with fraud alerts or security freezes||I am writing to request a security freeze on my credit report in accordance with my rights under the Fair Credit Reporting Act ( FCRA ). This freeze is necessary as I am currently disputing inaccurate information on my credit file and want to ensure the security and accuracy of my report during this process.||EQUIFAX, INC.|FL|322XX||Consent provided|Web|07/08/25|Closed with explanation|Yes||14493319
33|04/02/24|Credit reporting or other personal consumer reports|Credit reporting|Problem with a company's investigation into an existing problem|Difficulty submitting a dispute or getting information about a dispute over the phone|"I am writing to file a complaint regarding my inability to log on to the TransUnion website to submit a dispute about inaccuracies on my consumer report. This issue is negatively impacting my credit score and financial well-being, and I am seeking assistance in resolving it promptly.

Despite multiple attempts to access the TransUnion website to submit a dispute, I have encountered persistent login errors and technical issues preventing me from starting the process. As a result, I have been unable to address inaccuracies on my consumer report that are adversely affecting my credit score. 

The inaccuracies on my consumer report are XXXX XXXX [ Account Number : XXXX ] and XXXX XXXX [ Account Number : XXXX ] who has been reporting inaccurate information without proof to TransUnion. These inaccuracies are inaccurate and unfair, and I am eager to have them corrected as soon as possible. 

I have made diligent efforts to resolve this issue on my own, including contacting TransUnion customer support for assistance, but have been unable to find a resolution. Therefore, I am reaching out to the Consumer Financial Protection Bureau ( CFPB ) for assistance in addressing this matter. 

I kindly request that the CFPB intervene and work with TransUnion to resolve the technical issues preventing me from accessing the website to submit a dispute. Additionally, I request that TransUnion provide legitimate reasons as to why I can't submit my disputes online through their website. 

I appreciate your attention in this matter and your assistance in resolving this issue promptly. Please do not hesitate to contact me if you require any further information regarding my complaint. 

Thank you for your prompt attention to this urgent matter."|Company has responded to the consumer and the CFPB and chooses not to provide a public response|TRANSUNION INTERMEDIATE HOLDINGS, INC.|NY|10562||Consent provided|Web|04/02/24|Closed with non-monetary relief|Yes||8669628
34|10/13/25|Credit reporting or other personal consumer reports|Credit reporting|Improper use of your report|Reporting company used your report improperly|"On XX/XX/XXXX, XXXX XXXX XXXX XXXX XXXX/ XXXX XXXX XXXX  ) initiated hard credit inquiries with all XXXX  major credit bureaus ( TransUnion, Experian, and Equifax ) without any permissible purpose or authorization. 

There was no new credit application or consent. My account was already in delinquency and under federally documented XXXX and Section XXXX civil-rights complaints filed with DOJ, XXXX XXXX XXXX CFPB, and FTC. The Experian record was coded XXXX XXXX XXXX XXXX, confirming a portfolio-level access unrelated to any consumer-initiated request. 

In addition, XXXX XXXX furnished false information by marking my account Affected by XXXX XXXX. No XXXX or XXXX declaration applies to me. This false XXXX XXXX reporting code ( XXXX XXXX XXXX ) is misleading and has damaged my credit profile. 

These actions violate FCRA 604 ( a ) ( 3 ) ( no permissible purpose ) and 623 ( a ) ( 1 ) ( inaccurate furnishing ). Because they occurred after protected XXXX and Section XXXX activity, they also constitute retaliation under XXXX XXXX ( a ) and Section XXXX of the XXXX XXXX of XXXX. 

XXXX XXXX XXXX and XXXX XXXXXXXX XXXX XXXXXXXX XXXX financial assistance through FDIC-insured banking and related federal programs, bringing them within Section XXXX jurisdiction. 

Impact : My credit scores have fallen sharply since XX/XX/XXXX and continue to drop following these unauthorized hard inquiries and false reporting : Experian XXXX XXXX XXXX TransUnion XXXX XXXX Equifax XXXX XXXX The XX/XX/XXXX inquiries triggered an additional decline, compounding earlier losses. This ongoing damage has impaired my ability to obtain credit and maintain favorable terms. 

Requested action : XXXX. Delete or reclassify the XX/XX/XXXX inquiries as soft pulls. 
XXXX. Remove the XXXX XXXX coding. 
XXXX. XXXX XXXX XXXX XXXX to produce documentation of its claimed permissible-purpose for each inquiry."|Company has responded to the consumer and the CFPB and chooses not to provide a public response|Experian Information Solutions Inc.|VA|23116||Consent provided|Web|10/13/25|Closed with explanation|Yes||16528665
35|10/02/23|Credit reporting or other personal consumer reports|Credit reporting|Incorrect information on your report|Information belongs to someone else|I noticed an account on my credit report that does not belong to me ; NATLCRSYS ( Original Creditor : XXXX XXXX XXXX XXXX XXXX ) I filed an identity theft report as well as disputed with all 3 bureaus.||National Credit Systems,Inc.|FL|32750||Consent provided|Web|10/02/23|Closed with explanation|Yes||7620950
36|06/13/25|Credit reporting or other personal consumer reports|Credit reporting|Incorrect information on your report|Information belongs to someone else|Upon reviewing my credit report, I have identified inaccurate accounts that need reporting and correction through your company.|Company has responded to the consumer and the CFPB and chooses not to provide a public response|Experian Information Solutions Inc.|TX|761XX||Consent provided|Web|06/13/25|Closed with explanation|Yes||14072872
37|05/17/25|Credit reporting or other personal consumer reports|Credit reporting|Incorrect information on your report|Information belongs to someone else|"Subject : Formal Dispute of Inaccurate Information in Credit Report Pursuant to FCRA 602, 609, 611, and 623 Dear [ Credit Bureau/CFPB Representative ], I am writing to formally dispute inaccurate, outdated, and unverifiable information currently listed on my credit report. As provided under the Fair Credit Reporting Act ( FCRA ), including 602, 609 ( a ), 611 ( a ), and 623 ( b ), I am exercising my right to request the deletion or correction of any incorrect information.

Problem Overview After reviewing my credit reports from the XXXX  major credit bureaus, I have identified multiple errors negatively affecting my credit profile, including : Unauthorized names and employers listed under my identity Derogatory accounts that are inaccurate, outdated, or not mine Hard inquiries I did not authorize or recognize These inaccuracies have significantly impacted my credit score and financial reputation. It is essential that my file be corrected to ensure fair and accurate reporting as outlined in the FCRA."|Company has responded to the consumer and the CFPB and chooses not to provide a public response|TRANSUNION INTERMEDIATE HOLDINGS, INC.|NC|27527||Consent provided|Web|05/17/25|Closed with non-monetary relief|Yes||13571980
38|05/08/24|Credit reporting or other personal consumer reports|Credit reporting|Incorrect information on your report|Information belongs to someone else|"I am writing to follow up my previous dispute about fraudulent activity on my credit report due to identity theft. Upon reviewing my credit report, I have discovered accounts and transactions that I did not authorize or initiate. It is evident that my personal information has been compromised, and I request your immediate assistance in resolving this matter. 

I hereby declare that I did not authorize any of the aforementioned accounts, transactions, or inquiries. This constitutes identity theft, and I request that you promptly investigate this matter, remove the inaccurate information from my Credit report. I urge you to conduct a thorough investigation into the fraudulent activity on my credit report and take immediate action to remove the unauthorized accounts and transactions."|Company has responded to the consumer and the CFPB and chooses not to provide a public response|TRANSUNION INTERMEDIATE HOLDINGS, INC.|FL|32824||Consent provided|Web|05/08/24|Closed with non-monetary relief|Yes||8957760
39|11/05/25|Credit reporting or other personal consumer reports|Credit reporting|Incorrect information on your report|Information belongs to someone else|"I am a consumer who is actively working to improve my credit, and I am disputing the following items on my Experian credit report. I respectfully request that you investigate these items to ensure the information is accurate and complies with the Fair Credit Reporting Act ( FCRA ). If any of the information can not be verified, I request that it be removed from my report. 

CHARGED OFF I am disputing the following charged-off account ( s ) with Experian as they appear inaccurately on my credit report : XXXXXXXX XXXX XXXX XXXX XXXX XXXX XXXX XXXX XXXX XXXX XXXX XXXX XXXX XXXX INQUIRIES I am disputing the following inquiries on my credit report, as they were either unauthorized or inaccurate : XXXX XXXX XXXX XXXX XXXX XXXX XXXX XXXX XXXX XXXX XXXX XXXX XXXX XXXX XXXX XXXX XXXX XXXX XXXX XXXX XXXX XXXX XXXX XXXX XXXX XXXX XXXX XXXX XXXX XXXX XXXX XXXX XXXX XXXX XXXX XXXX XXXX XXXX XXXX XXXX XXXX XXXX XXXX XXXX XXXX XXXX XXXX XXXX XXXX XXXX XXXX XXXX XXXX XXXX XXXX XXXX XXXX XXXX XXXX XXXX XXXX XXXX XXXX XXXX XXXX XXXX XXXX XXXX XXXX XXXX XXXX XXXX XXXX XXXX XXXX XXXX XXXX XXXX XXXX"|Company has responded to the consumer and the CFPB and chooses not to provide a public response|Experian Information Solutions Inc.|TX|77449||Consent provided|Web|11/05/25|Closed with explanation|Yes||17036957
40|11/15/24|Credit reporting or other personal consumer reports|Credit reporting|Problem with a company's investigation into an existing problem|Investigation took more than 30 days|I am listing accounts below that have been reported inaccurately on my credit report. In compliance with the Fair Credit Reporting Act and as a gesture of respect to the Federal Trade Commission Committee on accuracy and completeness of credit information I am formally writing in today to dispute negative information appearing on my credit. This incorrect information is greatly hindering me from getting the credit score I deserve and hopefully, this letter will resolve all the issues on my credit. I demand to see Verifiable Proof ( an original Consumer Contract with my Signature on it ) of the accounts listed below. Your failure to positively verify these accounts has hurt my ability to obtain credit.||EQUIFAX, INC.|TX|75052||Consent provided|Web|11/15/24|Closed with explanation|Yes||10815652
41|02/03/25|Credit reporting or other personal consumer reports|Credit reporting|Problem with a company's investigation into an existing problem|Their investigation did not fix an error on your report|I am filing a complaint against Equifax for failing to properly investigate my disputes regarding inaccuracies in my credit report. Despite my submissions, Equifax consistently responds within 24 hours stating the account is accurate, without providing any evidence of a thorough investigation. This practice violates the Fair Credit Reporting Act ( FCRA ), 15 U.S.C. 1681i, which mandates a reasonable investigation of disputes. Furthermore, Equifax 's actions may also contravene the Consumer Financial Protection Act ( CFPA ), 12 U.S.C. 5536 ( a ) ( 1 ) ( A ) - ( B ), as highlighted in the CFPB 's recent administrative proceeding ( File No. XXXX ) against them for similar violations. I request that the CFPB take action to ensure Equifax complies with federal law and provides consumers with the necessary proof of investigation.||EQUIFAX, INC.|MI|48044||Consent provided|Web|02/03/25|Closed with explanation|Yes||11891482
42|10/02/25|Credit reporting or other personal consumer reports|Credit reporting|Problem with a company's investigation into an existing problem|Investigation took more than 30 days|"I am submitting this complaint to follow up on my previous disputes regarding multiple billing and payment inaccuracies appearing on my credit reports with TransUnion, Experian, and Equifax. These inaccuracies involve accounts reported with late payments and balances that are inconsistent with my payment history and records. I am filing this complaint under the Fair Credit Reporting Act ( FCRA ) and 15 U.S.C. 1666, which protect consumers against billing and reporting errors and require thorough investigations and corrections of inaccurate information. 

The following accounts are being inaccurately reported : XXXX XXXX XXXX Balance : {$9800.00} | Last Payment Date : XX/XX/XXXX | Reported Late : 90 days ( XX/XX/XXXX ) and 120 days ( XX/XX/XXXX ). 
These reported late payments can not be verified through my financial records. There is no documentation supporting these delinquencies, making them inaccurate and unverifiable. 

XXXX XXXX XXXX XXXX : {$240000.00} | Opened : XX/XX/XXXX | Last Payment : XX/XX/XXXX | Reported Late : 30 days ( XX/XX/XXXX ). 
I reviewed my account statements and found no evidence of any delinquency. The reporting of this late payment is inaccurate and misrepresents my payment history. 

XXXX XXXX XXXX XXXX : {$20000.00} | Opened : XX/XX/XXXX | Reported Late : 30 days ( XX/XX/XXXX & XX/XX/XXXX ), 60 days ( XX/XX/XXXX ), 90 days ( XXXX XXXX ), and 120 days ( XX/XX/XXXX ). 
These reported late payments are unverifiable and inconsistent with my payment records."|Company has responded to the consumer and the CFPB and chooses not to provide a public response|Experian Information Solutions Inc.|GA|30101||Consent provided|Web|10/02/25|Closed with explanation|Yes||16303874
43|06/15/25|Credit reporting or other personal consumer reports|Credit reporting|Incorrect information on your report|Information belongs to someone else|"I am disputing the following accounts and/or inquiries reporting on my credit profile. These accounts are being reported inaccurately and without proper verification. Some of the accounts were opened without my authorization, and others contain false or unverifiable information.

This is a violation of the Fair Credit Reporting Act ( FCRA ) under 15 USC 1681 and 605 ( b ), which states that only accurate, complete, and verifiable information should be reported.

I have attached my FTC Identity Theft Report along with supporting documentation ( ID, SSN, utility bill ) as proof. I am requesting that these accounts and inquiries be investigated and removed immediately from my credit report."|Company has responded to the consumer and the CFPB and chooses not to provide a public response|CITIBANK, N.A.|AL|35124||Consent provided|Web|06/15/25|Closed with explanation|Yes||14090827
44|10/06/25|Money transfer, virtual currency, or money service|Domestic (US) money transfer|Other transaction problem||I am writing to formally express my concerns regarding Zelles handling of disputes, particularly in light of the recent CFPB lawsuit highlighting significant issues with the platform. Despite using Zelle numerous times and reporting discrepancies, my financial institution and Zelle failed to investigate my claims adequately. They informed me that recovering lost funds was impossible and that tracking these transactions was infeasible. The CFPBS findings indicate that Zelle has not only neglected to protect consumers but has also allowed repeat offenders to exploit the system, leaving users vulnerable to scams. This lack of accountability and transparency is unacceptable and raises serious concerns about consumer safety.||Early Warning Services, LLC|IL|60466||Consent provided|Web|10/06/25|Closed with explanation|Yes||16393498
45|02/22/24|Credit reporting or other personal consumer reports|Credit reporting|Improper use of your report|Reporting company used your report improperly|Per the FCRA, as a federally protected consumer, I am now opting out of any and all authorization, I the consumer may have given you written, unwritten, verbal, and nonverbal per 15 USC 6802.|Company has responded to the consumer and the CFPB and chooses not to provide a public response|TRANSUNION INTERMEDIATE HOLDINGS, INC.|IL|60660||Consent provided|Web|02/22/24|Closed with explanation|Yes||8403880
46|05/08/25|Credit reporting or other personal consumer reports|Credit reporting|Incorrect information on your report|Account information incorrect|""" I wish to express my deep disappointment regarding the reporting provided by your organization, as documented in the enclosed document. It is regrettable to note that the aforementioned reporting falls significantly short of being comprehensive and fails to meet the standards I deem essential. As mandated by the law, it is crucial for both your esteemed entity and the data furnishers involved to undertake the certification of all facets pertaining to the obligatory Fair Credit Reporting Act ( FCRA ) and Metro 2 compliance. This certification must be executed with utmost integrity, accuracy, thoroughness, and timeliness, so as to avoid any inadvertent violation or infringement upon my consumer and civil rights """|Company has responded to the consumer and the CFPB and chooses not to provide a public response|TRANSUNION INTERMEDIATE HOLDINGS, INC.|MS|388XX||Consent provided|Web|05/08/25|Closed with non-monetary relief|Yes||13417368
47|09/29/25|Credit reporting or other personal consumer reports|Credit reporting|Incorrect information on your report|Account information incorrect|Despite repeated attempts to resolve these matters, Experian continues to allow damaging inaccuracies to persist on my credit profile. These unresolved errors are more than just frustratingthey are unjust, and they are actively interfering with my ability to move forward financially. Every time I apply for a loan, a credit card, or any financial opportunity, these incorrect entries stand as barriers that I shouldnt have to face. It is unacceptable that after multiple disputes, you still havent taken the appropriate steps to ensure your data is correct. Under the Fair Credit Reporting Act, you are legally required to verify every single reported item with original, legitimate documentation. If you can not confirm the accuracy of these records with credible, dated evidence, then these entries have no place on my report and must be removed immediately. I am demanding that you conduct a thorough reinvestigationnot a generic response, not a rubber-stamped review, but a meaningful audit backed by proper documentation. Continued delays and inaction will be treated as a deliberate and unlawful disregard of your obligations under federal law. Ive been more than patient, but my patience has run out.|Company has responded to the consumer and the CFPB and chooses not to provide a public response|Experian Information Solutions Inc.|CA|95122||Consent provided|Web|09/29/25|Closed with explanation|Yes||16239332
48|11/18/25|Credit reporting or other personal consumer reports|Credit reporting|Incorrect information on your report|Account information incorrect|I have found these unverified items on my credit report and I'm asking for these items to be removed as it will affect my credit standing.|Company has responded to the consumer and the CFPB and chooses not to provide a public response|TRANSUNION INTERMEDIATE HOLDINGS, INC.|MA|027XX||Consent provided|Web|11/18/25|Closed with non-monetary relief|Yes||17336789
49|10/24/25|Credit card|General-purpose credit card or charge card|Fees or interest|Problem with fees|I opened a new XXXX XXXX XXXX XXXX XXXX account managed by Synchrony Bank. My first payment of {$29.00} on XX/XX/year>, was returned, even though my bank information was correct and the account was active. Synchrony then reversed the payment and charged a {$29.00} fee. I believe this was caused by a system or processing error, not a consumer fault, and I am requesting a refund of the {$29.00} fee. I contacted Synchronys customer care to resolve the issue and was told to reach out to my bank, but my financial institution confirmed no problem on their end. Please review this case under the Fair Credit Billing Act.|Company has responded to the consumer and the CFPB and chooses not to provide a public response|SYNCHRONY FINANCIAL|WA|98004||Consent provided|Web|11/19/25|Closed with explanation|Yes||16791014
50|07/05/22|Credit reporting, credit repair services, or other personal consumer reports|Credit reporting|Problem with a credit reporting company's investigation into an existing problem|Their investigation did not fix an error on your report|On my credit report is an item from XXXX XXXX XXXX and XXXX XXXX XXXX. In both of these instances I have spoken with the agency and both have assured me they have reached out on my behalf to clear these items from my report. I have disputed these items as well as letting the credit bureaus know that I have reached out. The bureaus continue to come back with these on my report despite the fact the both XXXX XXXX and XXXX XXXX have assured me that they put in the forms to have these removed. This is an unethical practice and needs to be fixed.|Company has responded to the consumer and the CFPB and chooses not to provide a public response|Experian Information Solutions Inc.|AZ|85374||Consent provided|Web|07/05/22|Closed with explanation|Yes||5736633
51|11/28/25|Credit reporting or other personal consumer reports|Credit reporting|Improper use of your report|Reporting company used your report improperly|"This CFPB complaint has been filed to request pursuant to FCRA 605B ( 15 U.S.C. 1681c-2 ) that you -- credit reporting agency, block information appearing on my consumer credit report that is the result of identity theft and fraud within XXXX business days of you receiving this complaint. I am concerned about the validity and accuracy of your recent investigation of these accounts that are reporting on my credit report. Last month I requested an investigation because I felt the item was not being reported legally. Couple of days ago I received a letter stating that you have ceased investigation of my credit reports because, in your opinion, you believe that I have used a third party credit repair agency. Not only do I believe this to be a stall tactic on your part to grant you an additional XX/XX/XXXX days to comply with my original request, but I believe it to be a blatant violation of the FCRA. 

I have attached a copy of my government issued ID as well as mail showing proof of address. So, there shouldnt be any confusion or stall tactics on your end."|Company has responded to the consumer and the CFPB and chooses not to provide a public response|Experian Information Solutions Inc.|IL|60411||Consent provided|Web|11/28/25|Closed with explanation|Yes||17577518
52|10/16/23|Credit reporting or other personal consumer reports|Credit reporting|Problem with a company's investigation into an existing problem|Their investigation did not fix an error on your report|I'm really not sure what happened. I have mailed off letters to the credit bureaus continuously and thus far I have not gotten a response. My name is XXXX XXXX and I am filing this complaint for falsely reporting misleading information. There is no third party involved. Please review the uploaded letters.|Company has responded to the consumer and the CFPB and chooses not to provide a public response|Experian Information Solutions Inc.|MS|386XX||Consent provided|Web|10/16/23|Closed with explanation|Yes||7702116
53|09/12/25|Debt collection|Other debt|Written notification about debt|Notification didn't disclose it was an attempt to collect a debt|There are collection accounts on my report that I believe contain inaccurate information. Under my rights pursuant to 15 USC 1681e ( b ) and 15 USC 1681i, I am entitled to an accurate credit report. I request a review of these entries, and if they can not be verified as accurate, I ask that they be removed.||EQUIFAX, INC.|KY|40047||Consent provided|Web|09/12/25|Closed with non-monetary relief|Yes||15914620
54|09/01/23|Credit reporting or other personal consumer reports|Credit reporting|Improper use of your report|Credit inquiries on your report that you don't recognize|"Recently, I did an investigation on my credit report which caused severe XXXX upon me and found unverifiable, invalidated, inaccurate and questionable items that XXXX didnt make sure it was reporting 100 % correct. 
In accordance with the Fair Credit Reporting Act, everything has to be 100 % accurate on my credit report and under 15 U.S code 1681 e ( b ) and 15 U.S code 1681i ( 5 ) these accounts are in violations of not reporting 100 % accurate."||EQUIFAX, INC.|NY|10009||Consent provided|Web|09/01/23|Closed with non-monetary relief|Yes||7480494
55|11/24/25|Credit reporting or other personal consumer reports|Credit reporting|Problem with fraud alerts or security freezes||I would like to request the removal of the security freeze on my credit report to allow authorized financial institutions to access my credit history. This is necessary for the processing of my loan application, which requires a review of my creditworthiness and financial standing. Please proceed with lifting the freeze as soon as possible to ensure a smooth and timely evaluation of my application.||LEXISNEXIS|TN|377XX||Consent provided|Web|11/24/25|Closed with explanation|Yes||17476137
56|04/09/25|Credit reporting or other personal consumer reports|Credit reporting|Incorrect information on your report|Account status incorrect|I affirm that the inclusion of incorrectly reported late payment remarks on my accounts is a breach of the 15 USC 1666. Every payment linked to these accounts has been promptly made, and any departure from this precise reporting is unjust and unlawful.|Company has responded to the consumer and the CFPB and chooses not to provide a public response|Experian Information Solutions Inc.|IL|60133||Consent provided|Web|04/09/25|Closed with explanation|Yes||12895018
57|01/21/23|Mortgage|VA mortgage|Applying for a mortgage or refinancing an existing mortgage||"In 2010 I had a VA mortgage on my home in XXXX XXXX, NV through Wells Fargo. When the housing values dropped out and the government gave money to financial institutions so homeowners could refinance their homes at fair market value I was turned down for refinancing through Wells Fargo. I called and offered to refinance my home at twice the fair market value and was told numerous times "" no. '' Wells Fargo told me they would start foreclosure proceedings if I didn't make my payments. I was current on all my payments until this point. I told them I would honor my mortgage contract by surrendering my home since I wasn't going to make payments on it. They told me they don't want the home, I told them I didn't either. They started the foreclosure process but before it finalized they called and encouraged me to do a "" short sale. '' I told them I didn't know what a short sale was, they explained it to me. They never told me it would damage my credit or impact my future buying power with the VA, they just told me it's a way to avoid foreclosure. I didn't know any better so I agreed to it. They accepted a buying offer of approx. XXXX which was much less than the XXXX I offered to refinance it for myself. I felt I was extremely mistreated by Wells Fargo during this process and still today have a reduced amount the VA will guarantee a home purchase for since this transaction in 2010 with Wells Fargo."|Company has responded to the consumer and the CFPB and chooses not to provide a public response|WELLS FARGO & COMPANY|NV|89084|Servicemember|Consent provided|Web|01/21/23|Closed with explanation|Yes||6466313
58|05/09/25|Credit reporting or other personal consumer reports|Credit reporting|Incorrect information on your report|Information belongs to someone else|"XXXX XXXX XXXX play a crucial role in gathering and assessing consumer credit information. However, they must exercise their responsibilities with fairness, impartiality, and respect for the consumers right to privacy. The banking system relies on accurate and fair credit reporting, and when these reporting methods are unfair, it undermines public trust, which is vital for the system 's stability. I never gave my explicit, written consent for these agencies to report my information, which is a violation of 15 U.S. Code 1681b ( 2 ). This violation has led to an alleged case of identity theft, breaching 15 U.S. Code 1681c-2. The accounts in question are not related to any transactions made by me. 

The Fair Debt Collection Practices Act was created to ensure that laws and procedures are in place to protect consumers from abusive, deceptive, and unfair practices by debt XXXX. In this case, the company has violated 15 U.S. Code 1692f, which prohibits debt XXXX from using unfair or unconscionable means to collect a debt. Specifically, they can not collect any amounts that arent explicitly authorized by the agreement or allowed by law. Additionally, the company has violated 15 U.S. Code 1692e, which prohibits the use of false, deceptive, or misleading representations in debt collection efforts. This includes using deceptive methods to collect a debt or gather consumer information. Moreover, they are forbidden from contacting consumers at inconvenient times or places, or engaging in behavior that harasses or abuses consumers. 

In this case, the company has harassed me by claiming I owe a debt that I do not recognize as my responsibility. They have also contacted me at inconvenient times and places, in violation of the law. 

XXXX XXXX - XX/XX/XXXX - {$0.00} XXXX XXXXXXXX - XX/XX/XXXX - {$0.00} XXXX - XX/XX/XXXX - {$6200.00} XXXX - XX/XX/XXXX XXXX XXXX XXXXXX/XX/XXXX XXXX BANK - XX/XX/XXXX XXXX XXXX XXXX XXXX XXXX XXXXXX/XX/XXXX XXXX AUTO - XX/XX/XXXX XXXX XXXX  XX/XX/XXXX XXXX - XX/XX/XXXX XXXX XXXX XXXXXX/XX/XXXX"|Company has responded to the consumer and the CFPB and chooses not to provide a public response|Experian Information Solutions Inc.|GA|30043||Consent provided|Web|05/09/25|Closed with explanation|Yes||13424520
59|10/16/23|Debt collection|Medical debt|Attempts to collect debt not owed|Debt is not yours|I have never resided at this address listed and also I was incarcerated during this time. The municipal court is responsible for all hospital debts during my incarceration.||Central States Recovery, Inc.|KS|67501||Consent provided|Web|10/16/23|Closed with explanation|Yes||7702616
60|09/26/25|Credit reporting or other personal consumer reports|Credit reporting|Improper use of your report|Reporting company used your report improperly|This business has performed Identity theft. I did not give this business permission to access or use my personal information or access my credit report. I received a copy of my credit report this year. I noticed there were fraudulent accounts on my report. ( XXXX XXXX XXXX XXXX XXXX XXXX XXXX  ) Identity theft means a fraud committed or attempted using the identifying information of another person without authority ). Which is hindering my ability to obtain credit.||EQUIFAX, INC.|PA|19138||Consent provided|Web|09/26/25|Closed with explanation|Yes||16214592
61|07/20/22|Credit reporting, credit repair services, or other personal consumer reports|Credit reporting|Improper use of your report|Reporting company used your report improperly|"In accordance with the Fair Credit Reporting act XXXX  Accounts # XXXX Bank XXXX {$11000.00} closed XX/XX/XXXX XXXX XXXXXXXX XXXX XXXXXXXX, {$9000.00} closed XX/XX/XXXX XXXX XXXX XXXX XXXX XXXX, {$3800.00} XXXX XXXX XXXX XXXX {$0.00}. Showing 90 days late XX/XX/XXXXXXXX XXXX XXXX XXXXXXXX {$15000.00} closed XX/XX/XXXX XXXX charge off # XXXX closed XX/XX/XXXX XXXX charge off # XXXX {$170.00} XXXX XXXX XXXX {$16000.00} XX/XX/XXXX has violated my rights. 

15 U.S.C 1681 section 602 A. States I have the right to privacy.

15 U.S.C 1681 Section 604 A Section 2 : It also states a consumer reporting agency can not furnish a account without my written instructions"|Company has responded to the consumer and the CFPB and chooses not to provide a public response|Experian Information Solutions Inc.|TX|77449||Consent provided|Web|07/20/22|Closed with non-monetary relief|Yes||5790688
62|10/09/22|Credit reporting, credit repair services, or other personal consumer reports|Credit reporting|Improper use of your report|Credit inquiries on your report that you don't recognize|My name is XXXX XXXX this complaint is not made in error neither is it being made by a third party.I declare under penalty of perjury I am alleging that a person or company- without my authorization- from unauthorized use of my social security number and card used my personal identifying information to apply for goods, services, or money ; and, was successful in creating some accounts. I have no knowledge of this and All is being investigated by the FTC.|Company has responded to the consumer and the CFPB and chooses not to provide a public response|TRANSUNION INTERMEDIATE HOLDINGS, INC.|FL|34638||Consent provided|Web|10/09/22|Closed with non-monetary relief|Yes||6067450
63|11/11/22|Credit card or prepaid card|General-purpose credit card or charge card|Closing your account|Company closed your account|On XXXX XX/XX/2022 I called Navy Federal Credit Union to be informed that my credit card was cancelled despite my honoring the payment arrangement. They closed it without notifying me in any capacity. Further, upon realizing error the woman I spoke to on the phone was nothing less than vicious in her demeanor and refused to provide any assistance. When I asked her to refer to the previous calls to verify the payment arrangements she chuckled and said oh no I aint got access to that, thats only some other people.|Company believes it acted appropriately as authorized by contract or law|NAVY FEDERAL CREDIT UNION|TX|77901|Servicemember|Consent provided|Web|11/11/22|Closed with explanation|Yes||6188162
64|05/14/25|Credit reporting or other personal consumer reports|Credit reporting|Problem with a company's investigation into an existing problem|Was not notified of investigation status or results|"The bureaus have informed me that they received my information and dispute letter, but refused to investigate further, claiming I used a credit repair company. Ive been repeatedly dismissed by the bureaus for months, and its becoming extremely frustrating. 
As a consumer, my rights are being violated, and Im left wondering how Im supposed to defend myself when the same issue keeps happening over and over."||EQUIFAX, INC.|TX|77388||Consent provided|Web|05/14/25|Closed with non-monetary relief|Yes||13517436
65|07/07/25|Credit reporting or other personal consumer reports|Credit reporting|Improper use of your report|Reporting company used your report improperly|"I was utterly shocked and devastated upon discovering unauthorized accounts, credit inquiries and inaccurate personal information made or reported without my knowledge or consent. Despite my efforts to seek clarification from the creditors, they have shamefully failed to provide the necessary information. I demand immediate action and transparency from the creditors. The creditors must provide detailed information on each account and inquiry, including dates, purposes, and types of credit products involved, furnish relevant application documents, and present evidence of explicit authorization for each inquiry. 

Please see the attached file for what I am complaining about! I have attached a copy of my government issued ID as well as mail showing proof of address. So, there shouldnt be any confusion or stall tactics on your end. I have maintained a careful record of my communications with you for the purpose of filing a complaint with the FTC should you continue in your non-compliance."||EQUIFAX, INC.|NC|27617||Consent provided|Web|07/07/25|Closed with non-monetary relief|Yes||14485446
66|01/07/25|Credit reporting or other personal consumer reports|Credit reporting|Improper use of your report|Credit inquiries on your report that you don't recognize|I need your assistance with this incorrect account showing up on my credit report. This issue has severely impacted my reputation, and Im asking for your help. Your mishandling of my credit report has brought me to a difficult situation, and the incorrect information has caused significant harm to my reputation. It's essential that you remove these mistakes so I can peacefully live with my family.||EQUIFAX, INC.|FL|33324||Consent provided|Web|01/07/25|Closed with non-monetary relief|Yes||11394771
67|09/16/23|Credit reporting or other personal consumer reports|Credit reporting|Problem with a company's investigation into an existing problem|Their investigation did not fix an error on your report|"I am writing to file a formal complaint regarding my repeated and unsuccessful attempts to correct inaccurate late open accounts and public records on my credit report. Despite my diligent efforts, these inaccuracies persist, causing significant damage to my creditworthiness. 

The issues I am disputing are as follows : XXXX XXXX XXXX Balance Owed : {$2100.00} ; XXXX XXXX XXXXXXXX Balance Owed : {$1000.00} ; XXXX XXXX Bankruptcy Reference # : XXXX. 

I have taken the following actions to address these issues : I initiated my initial dispute with your bureau, providing all the necessary documentation to support my claims, including evidence of the inaccuracies related to late open accounts and public records. 

Subsequently, I followed up to inquire about the progress of my dispute and request updates on the investigation. 

Regrettably, the inaccurate late open accounts and public records remain on my credit report, negatively impacting my creditworthiness. 

The Fair Credit Reporting Act ( FCRA ) mandates the accurate reporting of consumer credit information. It is imperative that my credit report reflects my financial history accurately and does not contain any inaccuracies that could harm my financial standing. 

I kindly request that you investigate and rectify these issues promptly by removing the inaccurate late open accounts and public records from my credit report. Timely resolution of this matter is vital for my financial well-being. 

Please provide a written response within 30 days of receiving this letter, as mandated by the FCRA, outlining the steps you have taken to address these issues and any changes made to my credit report. Failure to address these issues within the specified time frame may lead me to escalate my complaint to regulatory authorities and seek legal remedies.

Enclosed with this letter are copies of the relevant documents, including my credit report with the inaccuracies highlighted and proof of previous dispute attempts and communications."|Company has responded to the consumer and the CFPB and chooses not to provide a public response|Experian Information Solutions Inc.|GA|30144||Consent provided|Web|09/16/23|Closed with explanation|Yes||7558724
68|10/01/25|Credit reporting or other personal consumer reports|Credit reporting|Incorrect information on your report|Information belongs to someone else|"The Fair Credit Reporting Act ( 15 U.S. Code 1681 ) says ( 1 ) The banking system is dependent upon fair and accurate credit reporting. Inaccurate credit reports directly impair the efficiency of the banking system, and unfair credit reporting methods undermine the public confidence which is essential to the continued functioning of the banking system.

So whenever there is a violation under the FCRA, it impairs the efficiency of the banking system. This is a violation of my privacy with my consumer report, since I control what is listed and what is not. In the event that any accounts are reported without my written consent, that is considered identity theft.

This is a violation of both 15 U.S. Code 1681b ( 2 ) and 15 U.S. Code 1681c-2. This leads way to civil liability against the credit reporting agency for negligent and willful noncompliance under 15 U.S. Code 1681n, which allows for {$1000.00} per violation, for account listed without my expressed written consent."|Company has responded to the consumer and the CFPB and chooses not to provide a public response|TRANSUNION INTERMEDIATE HOLDINGS, INC.|TX|75154||Consent provided|Web|10/01/25|Closed with explanation|Yes||16283902
69|07/30/24|Credit reporting or other personal consumer reports|Credit reporting|Incorrect information on your report|Information belongs to someone else|I want to stress that I did not authorize these accounts, and their existence is causing me significant distress. I respectfully request that you prioritize this issue, conduct a thorough investigation, and promptly remove these unauthorized accounts from my credit report. Your immediate attention and resolution of this matter are highly valued.||EQUIFAX, INC.|IL|60620||Consent provided|Web|07/30/24|Closed with explanation|Yes||9663338
70|04/12/24|Credit reporting or other personal consumer reports|Credit reporting|Improper use of your report|Credit inquiries on your report that you don't recognize|I LOST my wallet along with my SSN card long ago. I am a victim of identity theft I have obtained a copy of my credit report with XXXX XXXX and there are multiple accounts reporting to my credit profile that are fraudulent. I have also found out that the account listed below are not connected to my current address. The information listed in this letter, which is reporting to my credit does not relate to any transaction ( s ) that I have made. It is the result of identity Theft.|Company has responded to the consumer and the CFPB and chooses not to provide a public response|TRANSUNION INTERMEDIATE HOLDINGS, INC.|MD|20772||Consent provided|Web|04/12/24|Closed with non-monetary relief|Yes||8758605
71|11/10/23|Credit reporting or other personal consumer reports|Credit reporting|Problem with a company's investigation into an existing problem|Their investigation did not fix an error on your report|I'm really not sure what happened. I have mailed off letters to the credit bureaus continuously and thus far I have not gotten a response. My name is XXXX XXXX XXXX and I am filing this complaint for falsely reporting misleading information. There is no third party involved. Please review the uploaded letters.|Company has responded to the consumer and the CFPB and chooses not to provide a public response|Experian Information Solutions Inc.|PA|15001||Consent provided|Web|11/10/23|Closed with explanation|Yes||7835683
72|01/18/25|Checking or savings account|Savings account|Managing an account|Banking errors|Capital one bought XXXX which was a high yield savings. They changed my account to a XXXX savings through capital one and I just found out they lied and kept the interest rates low and made a performance XXXX savings account but did not notify me about this change. Due to this I missed out on a lot of interest. I know there's a lawsuit now. I am hoping to get some interest back. Since I found out I did close my XXXX savings and opened a performance XXXX savings||CAPITAL ONE FINANCIAL CORPORATION|NY|119XX||Consent provided|Web|01/18/25|Closed with explanation|Yes||11641693
73|04/08/25|Credit reporting or other personal consumer reports|Credit reporting|Incorrect information on your report|Information belongs to someone else|I value your help to REMOVED a portion of the data on my credit file that came about because of a FRAUD yet I have an Accounts passed on that should be taken out or remove. I've proactively remembered this report for a past letter and I am including it once more. I've educated my lawyer regarding my aims and they are eager to consider you responsible for your tenacious rebelliousness.||EQUIFAX, INC.|CA|90802||Consent provided|Web|04/08/25|Closed with explanation|Yes||12853470
74|02/12/25|Money transfer, virtual currency, or money service|Domestic (US) money transfer|Other transaction problem||I am writing to formally express my concerns regarding Zelles handling of disputes, particularly in light of the recent CFPB lawsuit highlighting significant issues with the platform. Despite using Zelle numerous times and reporting discrepancies, my financial institution and Zelle failed to investigate my claims adequately. They informed me that recovering lost funds was impossible and that tracking these transactions was unfeasible. The CFPBs findings indicate that Zelle has not boy neglected to protect consumers but has also allowed repeated offenders to exploit the system, leaving users vulnerable to scams. The lacks of accountability and transparency is unacceptable and raises serious concerns about consumers safety.||Early Warning Services, LLC|IL|60653||Consent provided|Web|02/12/25|Closed with explanation|Yes||12050338
75|01/27/25|Credit reporting or other personal consumer reports|Credit reporting|Problem with a company's investigation into an existing problem|Investigation took more than 30 days|"In accordance with the Fair Credit Reporting act. The List of accounts below has violated my federally protected consumer rights to privacy and confidentiality under 15 USC 1681.

15 U.S.C 1681 section 602 A. States I have the right to privacy.

15 U.S.C 1681 Section 604 A Section 2 : It also states a consumer reporting agency can not furnish a account without my written instructions 15 U.S.C 1681c. ( a ) ( 5 ) Section States : no consumer reporting agency may make any consumer report containing any of the following items of information Any other adverse item of information, other than records of convictions of crimes which antedates the report by more than seven years.

15 U.S.C. 1681s-2 ( A ) ( 1 ) A person shall not furnish any information relating to a consumer to any consumer reporting agency if the person knows or has reasonable cause to believe that the information is inaccurate."||EQUIFAX, INC.|MS|395XX||Consent provided|Web|01/27/25|Closed with non-monetary relief|Yes||11798149
76|11/26/23|Credit reporting or other personal consumer reports|Credit reporting|Incorrect information on your report|Account information incorrect|I have found some accounts on my report that I do not recognize, and I would like to get them removed if they can not be verified.|Company has responded to the consumer and the CFPB and chooses not to provide a public response|TRANSUNION INTERMEDIATE HOLDINGS, INC.|FL|33023||Consent provided|Web|11/26/23|Closed with non-monetary relief|Yes||7906743
77|11/24/25|Credit reporting or other personal consumer reports|Credit reporting|Incorrect information on your report|Information belongs to someone else|I have no relation to these accounts and request their deletion within the required 15 days under FCRA rules.|Company has responded to the consumer and the CFPB and chooses not to provide a public response|TRANSUNION INTERMEDIATE HOLDINGS, INC.|TX|77088||Consent provided|Web|11/24/25|Closed with non-monetary relief|Yes||17482471
78|03/25/24|Credit reporting or other personal consumer reports|Credit reporting|Incorrect information on your report|Information belongs to someone else|I am a victim of identity theft please remove this fraud inquiry from my credit report.|Company has responded to the consumer and the CFPB and chooses not to provide a public response|Experian Information Solutions Inc.|GA|30024||Consent provided|Web|03/25/24|Closed with non-monetary relief|Yes||8616755
79|11/24/25|Credit reporting or other personal consumer reports|Credit reporting|Problem with a company's investigation into an existing problem|Investigation took more than 30 days|"I am distressed to inform you that you have included inaccurate information in my credit profile and have failed to maintain reasonable procedures in your operations to ensure maximum possible accuracy in the credit reports you publish. Credit reporting laws require that bureaus report only 100 % accurate credit information. YOU ARE VIOLATING FCRA REGULATIONS AND UNITED STATES FEDERAL LAW.

Please block and remove all erroneous information from my credit report and send me an updated copy.

Under the Fair Credit Reporting Act ( FCRA ), this disputed item may not appear on my credit report if it can not be supported by any evidence.

15 U.S. Code 1681n - Civil Liability for Willful Noncompliance, 15 U.S. Code 1681o - Civil Liability for Negligent Noncompliance, and 15 U.S. Code 1692k - Civil Liability : I am entitled to monetary compensation due to your multiple violations. Specifically, under FCRA 15 U.S.C. 1681i ( 6 ) ( Notice of Results of Reinvestigation ), a consumer reporting agency must provide written notice to a consumer of the results of a reinvestigation within 5 business days of completion. Failure to do so constitutes a violation of my rights.

Additionally, as per FCRA, a "" consumer report '' excludes any report solely detailing transactions or interactions between the consumer and the reporting entity. Including late payments or derogatory statuses constitutes an infringement of 15 U.S.C. 1681a ( d ) ( 1 ).

Accounts listed below in green color highlighted and tag as in violation under 15 U.S. Code 1666 ( b ) billing error are inaccurate late payment history, must be updated to paid on time as never been late as agreed.

( 4 ) The creditors failure to properly reflect a payment made by the obligor or a credit issued to the obligor.

( 5 ) A computation error or similar error in the creditors accounting on a statement.

This is a clear violation of the United States Code Law ( TILA, 15 U.S. Code 1666 ( b ) ). These accounts must be updated to reflect "" paid on time. '' Any continuation of providing negative information required by section FCRA 605B ( 15 U.S.C. 1681c-2 ) And Accounts listed below in yellow color highlight text accounts in status of Charge off that is tag FDCPA Section 807 Violation Misleading False Reporting together with incorrect personal information Must be deleted Immediately!.

Collection Accounts listed below in yellow color highlighted that is tag as in violation Under 15 U.S. Code 1681b Permissible purposes of consumer reports i never gave you any written consent to report anything on my consumer report no consent is a violation of US Law. Instruction : As a consumer by law this account must be deleted immediately!

Items listed below that is tag as Unauthorize inquiries that's Violated the United States Code Law 15 U.S.C. 1681 ( c ) ( 1 ) ( A ) ( B ) ( i ) ( 3 ) FURNISHING reports in connection with credit or insurance transactions that are not initiated by consumer. Must be deleted in my credit report.

Please update my credit report as per law abiding accuracy of data.

Please make all listed below update or deleted in my credit report!"||EQUIFAX, INC.|NY|11214||Consent provided|Web|11/24/25|Closed with explanation|Yes||17483953
80|05/03/25|Credit reporting or other personal consumer reports|Credit reporting|Problem with a company's investigation into an existing problem|Their investigation did not fix an error on your report|"This account was charged off XX/XX/year>. Since then, the account has repeatedly, been updated as charged off every month. This is updating the payment history. A charged off account should not include an active payment history. This inaccurate information. It manipulates the statutes of limitations. Your failure XXXX investigate this account properly after I ask you XXXX do so multiple times has violated my rights. I am demanding a deletion of this account. 

Account XXXX : XXXX XXXX XXXX Account # : XXXX"|Company has responded to the consumer and the CFPB and chooses not to provide a public response|TRANSUNION INTERMEDIATE HOLDINGS, INC.|GA|30228||Consent provided|Web|05/03/25|Closed with non-monetary relief|Yes||13322591
81|12/08/25|Credit reporting or other personal consumer reports|Credit reporting|Incorrect information on your report|Information belongs to someone else|I am disputing these accounts because I never opened them, nor did I authorize anyone else to do so. Please review the details thoroughly and proceed with their removal. Documentation is provided for clarification.|Company has responded to the consumer and the CFPB and chooses not to provide a public response|TRANSUNION INTERMEDIATE HOLDINGS, INC.|CA|92509||Consent provided|Web|12/08/25|Closed with non-monetary relief|Yes||17833945
82|04/28/25|Credit reporting or other personal consumer reports|Credit reporting|Incorrect information on your report|Information belongs to someone else|"The Fair Credit Reporting Act ( 15 U.S. Code 1681 ) says ( 1 ) The banking system is dependent upon fair and accurate credit reporting. Inaccurate credit reports directly impair the efficiency of the banking system, and unfair credit reporting methods undermine the public confidence which is essential to the continued functioning of the banking system. 

So whenever there is a violation under the FCRA, it impairs the efficiency of the banking system. This is a violation of my privacy with my consumer report, since I control what is listed and what is not. In the event that any accounts are reported without my written consent, that is considered identity theft. 

This is a violation of both 15 U.S. Code 1681b ( 2 ) and 15 U.S. Code 1681c-2. This leads way to civil liability against the credit reporting agency for negligent and willful noncompliance under 15 U.S. Code 1681n, which allows for {$1000.00} per violation, for account listed without my expressed written consent."|Company has responded to the consumer and the CFPB and chooses not to provide a public response|Experian Information Solutions Inc.|TX|76123||Consent provided|Web|04/28/25|Closed with explanation|Yes||13207452
83|03/14/22|Student loan|Private student loan|Getting a loan|Fraudulent loan|"I never opened an account with this creditor. Nor have they supplied me with proof that i opened the loan. i've sent them an FTC and police report and both have been rejected, why? i have no idea. i sent everything i was supposed to submit still no answer. 
The account opened was opened due to identity theft. I've also sent the company a FTC report along with a police report but they still have yet to block the information off of my credit file and report.Now i have filed a federal complaint and this account is now in litigation. I have not supplied proof under the doctrine of estoppel by silence. XXXX XXXX XXXX XXXX XXXX XXXX XXXX XXXX XXXX. I presume that no proof of the alleged debt, nor therefore any such debt, in fact therefore exists."|Company has responded to the consumer and the CFPB and chooses not to provide a public response|TRANSUNION INTERMEDIATE HOLDINGS, INC.|TN|38017||Consent provided|Web|03/14/22|Closed with non-monetary relief|Yes||5321946
84|03/09/25|Credit reporting or other personal consumer reports|Credit reporting|Incorrect information on your report|Information is missing that should be on the report|I called the company & I keep being hung up on on multiple occasions|Company has responded to the consumer and the CFPB and chooses not to provide a public response|Experian Information Solutions Inc.|PA|19131||Consent provided|Web|03/09/25|Closed with explanation|Yes||12389928
85|09/27/25|Credit reporting or other personal consumer reports|Credit reporting|Problem with a company's investigation into an existing problem|Their investigation did not fix an error on your report|"FCRA Method of Verification Letter XXXX XXXX XXXX XXXX XXXX XXXX Ga XXXX XX/XX/XXXX Equifax Information Services LLC XXXX. XXXX XXXX XXXX, GA XXXX Request for Method of Verification under FCRA XXXX  XXXX XXXX Account XXXX XXXX XXXX XXXX To Whom It May Concern, I am writing to formally request the Method of Verification used to confirm the accuracy of the account listed on my Equifax credit report with the last four digits XXXX. I recently disputed this account, and I have received a response indicating that it has been "" verified '' as accurate. 
Under the Fair Credit Reporting Act ( FCRA ), Section 611 ( a ) ( 7 ), I am entitled to a detailed description of how the information was verified. Therefore, I am requesting the following information : 1. The name, address, and contact information of the party or data furnisher who verified the account.

2. A detailed explanation of the method used to verify the account, including whether it was done via e-OSCAR or another automated system.

3. Any documents, records, or communications that were used in the verification process.

If you are unable to provide this information, or if the data furnisher can not verify the account with proper documentation, I demand that the account be immediately removed from my credit file in accordance with the FCRA. 

Please consider this a formal request under my rights as a consumer, and respond to this request within XXXX business days as required by federal law. 

Sincerely, XXXX XXXX XX/XX/XXXX"||EQUIFAX, INC.|GA|31525||Consent provided|Web|09/27/25|Closed with explanation|Yes||16221376
86|10/09/25|Credit reporting or other personal consumer reports|Credit reporting|Incorrect information on your report|Information belongs to someone else|This CFPB complaint has been filed to request pursuant to FCRA 605B ( 15 U.S.C. 1681c-2 ) that you, the Experian credit reporting agency, block information appearing on my consumer credit report that is the result of identity theft and fraud within XXXX business days of you receiving this complaint. This fraudulent, inaccurate, and false information consists of XXXX XXXX XXXX XXXX XXXX XXXX  Section 807 Violation Misleading- Investigate and make sure everything is correct if not delete it from my credit report. This agency is in violation of 15 U.S.C. 1692g. They were to notify me of this in writing XXXX days prior, I was not As the original creditor, only I can validate this debt. I do not validate debt XXXX XXXX XXXX XXXX XXXX XXXX XXXX XXXX XXXX Section 807 Violation Misleading- Investigate and make sure everything is correct if not delete it from my credit report. This agency is in violation of 15 U.S.C. 1692g. They were to notify me of this in writing XXXX days prior, I was not As the original creditor, only I can validate this debt. I do not validate debt XXXX XXXX XXXX XXXX XXXX XXXX Section 807 Violation Misleading- Investigate and make sure everything is correct if not delete it from my credit report. This agency is in violation of 15 U.S.C. 1692g. They were to notify me of this in writing XXXX days prior, I was not As the original creditor, only I can validate this debt. I do not validate debt XXXX XXXX XXXX XXXX XXXX XXXX XXXX Section 807 Violation Misleading- Investigate and make sure everything is correct if not delete it from my credit report. This agency is in violation of 15 U.S.C. 1692g. They were to notify me of this in writing 5 days prior, I was not As the original creditor, only I can validate this debt. I do not validate debt XXXX XXXX XXXX XXXX XXXX XXXX XXXX XXXX XXXX Section 807 Violation Misleading- Investigate and make sure everything is correct if not delete it from my credit report. This agency is in violation of 15 U.S.C. 1692g. They were to notify me of this in writing 5 days prior, I was not As the original creditor, only I can validate this debt. I do not validate debt XXXX XXXX XXXX XXXX XXXX XXXX XXXX XXXX  Section 807 Violation Misleading- Investigate and make sure everything is correct if not delete it from my credit report. This agency is in violation of 15 U.S.C. 1692g. They were to notify me of this in writing 5 days prior, I was not As the original creditor, only I can validate this debt. I do not validate debt These accounts have resulted in several fraudulent hard inquiries and fraudulent collections appearing on my consumer XXXX credit report. All of the aforementioned accounts, collections, and hard inquiries are the result of identity theft and fraud. I have attached a copy of FTC Identity Theft Criminal Complaint XXXX as proof from the XXXX Federal Trade Commission that all of the aforementioned consumer credit accounts, collections, and hard inquiries are the result of identity theft and fraud.|Company has responded to the consumer and the CFPB and chooses not to provide a public response|Experian Information Solutions Inc.|NJ|08104||Consent provided|Web|10/09/25|Closed with explanation|Yes||16467632
87|11/17/25|Credit reporting or other personal consumer reports|Credit reporting|Improper use of your report|Reporting company used your report improperly|Please remove the fraudulent and suspicious accounts from my credit report, as outlined in the attached documents.|Company has responded to the consumer and the CFPB and chooses not to provide a public response|TRANSUNION INTERMEDIATE HOLDINGS, INC.|CA|92392||Consent provided|Web|11/17/25|Closed with non-monetary relief|Yes||17307356
88|03/31/25|Credit reporting or other personal consumer reports|Credit reporting|Incorrect information on your report|Information belongs to someone else|ALL REPORTED DATA MUST BE COMPLETE, CORRECT, AND PROVEN IF CHALLENGED. I DO NOT GRANT YOUR AUTHORITY TO REPORT VERSUS ME WITHOUT ADEQUATE COMPLIANCE OF STATE AND FEDERAL LAWS BEING APPLICABLE THROUGHOUT. AS SUCH I DEMAND DELETION IMMEDIATELY OF YOUR DECLARED CLAIMS AGAINST ME. PER COMMON LAW, YOU ARE DEMANDED TO DEMONSTRATE THAT YOU CAN AND HAVE WILLINGNESS TO ABSOLUTELY VERIFY AND VALIDATE ( OR JUST SAY ''CERTIFICATE '' ) EVERY AND ONE EVEN EACH ANY AND OR ALL ALLEGATIONS YET PHYSICALLY DEFICIENT OR ALL ALLEGATIONS YET PHYSICALLY DEFICIENT OR UNPROVEN MINE, CHALLENGEDORNOT.|Company has responded to the consumer and the CFPB and chooses not to provide a public response|Experian Information Solutions Inc.|AR|71603||Consent provided|Web|03/31/25|Closed with explanation|Yes||12736625
89|04/08/25|Debt collection|Credit card debt|Took or threatened to take negative or legal action|Collected or attempted to collect exempt funds|"The AAFES Military Star Card account in question has been assigned to XXXX XXXX XXXX ( XXXX ) for collection. I have made multiple good-faith attempts to communicate with both AAFES and XXXX regarding the resolution and accuracy of this account. 

XXXX XXXX has explicitly stated that only AAFES is authorized to negotiate, validate, or settle the debt, while AAFES has refused to engage or take any action until after XX/XX/year> per TSI. This has created a deadlock in violation of federal consumer protection laws, where neither party is accepting responsibility for debt resolution, correction, or validation.

Additionally, the information being reported to the credit bureaus by AAFES and/or XXXX appears to be materially inaccurate, including discrepancies in balances, charge-off dates, and payment history. These errors have not been corrected despite disputes and repeated requests, which constitutes a violation of the Fair Credit Reporting Act ( FCRA ), 15 U.S.C. 1681s-2 ( b ), and failure to conduct a reasonable investigation.

No proper validation of the debt has been provided as required under the Fair Debt Collection Practices Act ( FDCPA ), 15 U.S.C. 1692g, and credit reporting continues despite these unresolved disputes. 

The ongoing refusal to negotiate or correct reporting errors, combined with misleading and contradictory responses from AAFES and XXXX, demonstrates a lack of good faith and potential violations of the FDCPA, FCRA, and XXXX XXXX compliance standards."|Company has responded to the consumer and the CFPB and chooses not to provide a public response|Army and Air Force Exchange Service|FL|32168|Servicemember|Consent provided|Web|04/08/25|Closed with explanation|Yes||12886132
90|11/14/25|Credit reporting or other personal consumer reports|Credit reporting|Incorrect information on your report|Account status incorrect|I hope you're doing well. I've run into a bit of a problem. While going through my credit report, I noticed some things that don't seem quite right, and it appears my identity have been stolen online. My nephew, who's studying XXXX XXXX, helped me out by finding a way to check if my XXXX emails were involved in this breach. To my surprise, it turns out that 2 out of 3 of my emails contain a lot of my sensitive and personal information. I want to emphasize that I'm not the one behind these accounts. It would mean a lot to me if you could assist in removing the following from my credit report. these are the accounts :|Company has responded to the consumer and the CFPB and chooses not to provide a public response|Experian Information Solutions Inc.|LA|70127||Consent provided|Web|11/14/25|Closed with explanation|Yes||17247853
91|12/25/25|Credit reporting or other personal consumer reports|Credit reporting|Incorrect information on your report|Information belongs to someone else|"I am submitting this complaint regarding inaccurate and unauthorized credit inquiries reported by XXXX XXXX on my credit report. 

XXXX XXXX is reporting multiple hard inquiries on the same dates ( including XX/XX/XXXX and XX/XX/XXXX ). I did not authorize multiple credit applications, nor did these inquiries result in separate open accounts. 

Under the Fair Credit Reporting Act ( FCRA ), credit inquiries must be supported by clear consumer authorization and a legitimate permissible purpose. XXXX XXXX has failed to provide proof of authorization for each inquiry reported. 

I am requesting that XXXX XXXX provide full verification for each inquiry, including signed authorization, application records, and evidence of permissible purpose. If they can not verify each inquiry individually, I am requesting immediate removal of the unauthorized and duplicate inquiries from all credit reporting agencies."|Company has responded to the consumer and the CFPB and chooses not to provide a public response|TRANSUNION INTERMEDIATE HOLDINGS, INC.|FL|34221||Consent provided|Web|12/25/25|Closed with explanation|Yes||18282915
92|01/13/25|Credit reporting or other personal consumer reports|Credit reporting|Incorrect information on your report|Information belongs to someone else|I AM SUBMITTING THIS WITHOUT ANY INFLUENCE AND THIS IS NOT A THIRD PARTY. THE CREDIT BUREAUS STATED MY ACC WAS PROPERLY INVESTIGATED BUT HOW IS THAT POSSIBLE IF THE OPEN DATE IS INACCURATE, THE DATE LAST ACTIVE IS INACCURATE, AND THE DATE LAST REPORTED IS NOT ACCURATE? THIS GROUND FOR REMOVAL, THEY ALSO VIOLATED MY RIGHTS UNDER 15 U.S.C 1681 SECTION 602 A. STATES I HAVE THE RIGHT TO PRIVACY. 15 U.S.C 1681 SECTION 604 SECTION 2. IT ALSO STATES A CONSUMER REPORTING AGENCY CAN NOT FURNISH AN ACCOUNT WITHOUT MY WRITTEN INSTRUCTIONS. PLEASE SEE ATTACHED LETTERS.||EQUIFAX, INC.|AL|XXXXX||Consent provided|Web|01/13/25|Closed with explanation|Yes||11502847
93|11/19/24|Checking or savings account|Checking account|Managing an account|Deposits and withdrawals|"I deposited a check via atm on Saturday XX/XX/year> to my 5th 3rd bank account. This check was payment to me from the law offices of XXXX XXXX, in regards to a real estate sale in the ammount of {$36000.00}. This sale is public record, the law office has a phone number on the check. The bank ( 5th3rd ) is claiming to have "" confidential information '' that the check may not clear. They will not disclose this information and in my opinion that is because they have no information. The expedited funds availability act states that the XXXX  XXXX dollars be made available to me by the next business day after the business day of the deposit. It is now that day ( XXXX days into the week ) since I deposited it on a weekend. I have no funds available to me and the hold will not be released untill XX/XX/year> a full XXXX business days after the deposit was made. According to the expedited funds availability act this is a violation of my rights as a consumer. I would have gladly taken the check to XXXX of my many other bank accounts but as they tell me it has been deposited. I definitely can't tell that it has, because I have no funds accessible. If I had been a "" preferred wealth client '' this would have never happened. This check is the result of a publicly recorded real erstate transaction, it is from the trust account of a law office. They can not possibly possess ANY CREDIBLE information that it may not clear. They will not tell me what information they made there decision off of. They should have to fully answer as to the credibility of their supposed information."||FIFTH THIRD FINANCIAL CORPORATION|FL|33917||Consent provided|Web|11/19/24|Closed with explanation|Yes||10846827
94|11/28/25|Credit reporting or other personal consumer reports|Credit reporting|Problem with a company's investigation into an existing problem|Investigation took more than 30 days|I previously sent a letter to address the errors and unknown items on my credit report, but unfortunately, I have not received a response even after 30 days. It seems like my disputes are being overlooked and I feel taken advantage of. As per Section 611 ( a ), if these items are not investigated within 30 days, they should be promptly removed from my credit report. Since the deadline has passed, I expect these accounts to be updated without delay. If not, I may have to take legal action due to the stress this situation has caused me. Moreover, my information was impacted by the Equifax, Experian, and Transunion data breach, which raises concerns about the security of my personal data.|Company has responded to the consumer and the CFPB and chooses not to provide a public response|TRANSUNION INTERMEDIATE HOLDINGS, INC.|MI|48203||Consent provided|Web|11/28/25|Closed with non-monetary relief|Yes||17571345
95|07/22/24|Credit reporting or other personal consumer reports|Credit reporting|Incorrect information on your report|Information belongs to someone else|Dear Sir/Madam I am writing to file a formal complaint against the XXXX major credit reporting agencies ( CRAs ). For their failure to address and correct fraudulent activities on my credit report, in clear violation of the Fair Credit Reporting Act ( FCRA ). I discovered unauthorized accounts on my credit reports from all three reporting agencies. Specifically the fraudulent accounts include : XXXX XXXX XXXX XXXX XXXX XXXX XXXX XXXX XXXXXXXX XXXX XXXX Upon realizing this, I contacted the XXXX and provided them with necessary documentation to prove that these accounts were a result of identity theft, including a police report and FTC Identity Theft Affidavit. XXXX. Failure to XXXX XXXX XXXX ( 15 U.S.C. s 1681c-2 ) Under the FCRA, XXXX XXXX XXXX XXXX XXXX, credit reporting agencies are required to block the reporting of information that resulted from identity theft within XXXX business days of receipt of appropriate documentation, the CRAs have failed to block the fraudulent information on my credit reports. XXXX. Failure to Conduct a Reasonable Reinvestigation ( XXXX XXXX XXXX XXXX ( a ) : The FCRA mandates that CRAs conduct a reasonable investigation of disputed information. I have repeatedly disputed the fraudulent accounts with the CRAs, yet they continue to verify the fraudulent information without proper investigation, in violation of XXXX XXXX XXXX XXXX ( a )|Company has responded to the consumer and the CFPB and chooses not to provide a public response|Experian Information Solutions Inc.|TX|75241||Consent provided|Web|07/22/24|Closed with non-monetary relief|Yes||9573190
96|03/29/23|Credit reporting, credit repair services, or other personal consumer reports|Credit reporting|Problem with a credit reporting company's investigation into an existing problem|Their investigation did not fix an error on your report|When I investigated my credit report, I realized that some of the information was erroneous. The 3 credit Bureaus are required to validate these accounts under Sections 609 ( a ) ( 1 ) ( A ) and 611 ( a ) ( 1 ). ( A ). It is not acceptable to treat these reporting accounts as unconfirmed information without producing proof within the legal time range. Sections 609 ( a ) ( 1 ) ( A ) and 611 ( a ) ( 1 ). ( A ), please investigate the unverifiable accounts below : XXXX XXXX XXXX XXXX Balance : {$4200.00}XXXX XXXX XXXX XXXXXXXX Balance : {$29000.00}||EQUIFAX, INC.|GA|304XX||Consent provided|Web|03/29/23|Closed with explanation|Yes||6762642
97|10/24/25|Money transfer, virtual currency, or money service|International money transfer|Other transaction problem||I did a transaction by western union to XXXX  bank in XXXX since XX/XX/XXXX at XXXX XXXX  by an agent location the amount is {$530.00} us.but the receiver doesnt receive it, when I call wester union they said they cant give me back the money.||WESTERN UNION COMPANY, THE|NY|11207||Consent provided|Web|11/04/25|Closed with explanation|Yes||16799164
98|07/25/24|Credit reporting or other personal consumer reports|Credit reporting|Improper use of your report|Reporting company used your report improperly|"I am filing this complaint against Equifax for their blatant disregard of my rights under the Fair Credit Reporting Act ( FCRA ) and their failure to respond to my legitimate dispute regarding unauthorized credit inquiries on my credit report. 

Background : Date of Dispute Submission : XX/XX/XXXX Method of Dispute Submission : Mail Date of Credit Bureaus Acknowledgment : NONE Number of Days Since Dispute Submission : 35 Days Details of Dispute : On XX/XX/XXXX, I submitted a formal dispute to Equifax regarding several unauthorized credit inquiries that appeared on my credit report. These inquiries are as follows : Creditors Name : XXXX XXXX - Date of Inquiry : XX/XX/XXXX Creditors Name : XXXX XXXX XXXX  XXXX - Date of Inquiry : XX/XX/XXXX Creditors Name : XXXX XXXX XXXX  - Date of Inquiry : XX/XX/XXXX Creditors Name : XXXX XXXX XXXX   XXXX - Date of Inquiry : XX/XX/XXXX Creditors Name : XXXX XXXX XXXX XXXX XXXX Date of Inquiry : XX/XX/XXXX In accordance with the Fair Credit Reporting Act ( 15 U.S. Code 1681b ), I requested the credit bureau to provide documentation verifying the permissible purpose of each inquiry or to remove them from my credit report if they were unauthorized. 

Non-Compliance by Equifax : Despite the clear requirements under the FCRA, Equifax has : -Failed to Respond : I have not received any response or acknowledgment from Equifax regarding my dispute within the legally mandated 30-day period.

-Failed to Remove Unauthorized Inquiries : The unauthorized inquiries remain on my credit report, adversely affecting my credit score and overall financial health. 
-Violations of the Fair Credit Reporting Act : Equifax has violated the following provisions of the FCRA : -15 U.S. Code 1681i ( a ) ( 1 ) ( A ) : The agency must conduct a reasonable investigation and provide a response within 30 days.

-15 U.S. Code 1681b ( a ) : The agency must ensure that only permissible purpose inquiries are included in a consumer 's credit report.

Impact on Me : The unauthorized inquiries have caused significant damage to my credit score, limiting my ability to obtain credit and increasing my financial stress. The failure of Equifax to address my dispute has further exacerbated this issue.

Request for Action : I respectfully request the CFPB to : -Investigate the non-compliance of Equifax with the FCRA .

-Mandate the immediate removal of the unauthorized inquiries from my credit report.

-Impose appropriate penalties on Equifax for their failure to comply with the FCRA .

-Ensure that I receive written confirmation of the removal of these inquiries and an explanation for the delay in responding to my dispute. 
-Attached to this complaint are copies of my original dispute letter Thank you for your prompt attention to this matter. I look forward to your swift action to rectify these violations and protect my consumer rights."||EQUIFAX, INC.|MO|64155||Consent provided|Web|07/25/24|Closed with explanation|Yes||9620209
99|12/15/23|Credit reporting or other personal consumer reports|Credit reporting|Incorrect information on your report|Old information reappears or never goes away|"All my Federal Student Loans ( XXXX ) were XXXX through the Total Permanent XXXX unit at XXXX on XX/XX/2023. The adverse accounts were all removed from all XXXX bureaus almost immediately following discharge. 

On XXXX XXXX XXXX, all the accounts have reappeared showing me in XXXX day default, and my scores dropped massively."|Company has responded to the consumer and the CFPB and chooses not to provide a public response|TRANSUNION INTERMEDIATE HOLDINGS, INC.|IN|46383||Consent provided|Web|12/15/23|Closed with non-monetary relief|Yes||8010536
